Stream,Window_Idx,Level_dst_port,Level_flow_count,NormDiff_flow,NormDiff_byte,Burst_flow_run,Sync_flow_byte,Res_Norm_Euclidean
PreOnset_Benign,0,47.0,138.0,0.0,0.0,0.0,0.0,0.0
PreOnset_Benign,1,18.0,136.0,-0.4,12.2865,0.0,-2.2168897130890386,14.389704339197264
PreOnset_Benign,2,12.0,26.0,-22.0,-12.1368,0.0,16.340428390957197,6.876103750015093
PreOnset_Benign,3,10.0,27.0,0.2,0.8063000000000001,0.0,0.4015719113683128,11.40166509506366
PreOnset_Benign,4,26.0,330.0,60.6,92.44309999999999,0.0,74.84685604619608,10.31772479227673
PreOnset_Benign,5,22.0,250.0,-0.4950390895241066,-11.086412708196107,0.0,2.342692394053023,8.868662550106222
PreOnset_Benign,6,20.0,50.0,-1.2207977547087696,-8.017552470114076,0.0,3.12854759493523,6.800923925627838
PreOnset_Benign,7,16.0,33.0,-0.10519580652387264,-0.43749073840302755,0.0,0.2145278328633165,4.3001184801307275
PreOnset_Benign,8,27.0,276.0,2.60160721512401,31.564565102760728,0.0,9.061931378773172,4.875151173153819
PreOnset_Benign,9,35.0,447.0,1.0581460538577778,0.8075510003181157,0.0,0.9243954263601238,3.10440711440069
PreOnset_Benign,10,26.0,44.0,-2.459907475738171,-4.7975782338474104,0.0,3.4353454794066893,6.484652816173474
PreOnset_Benign,11,24.0,50.0,0.03712793171430799,0.2639737413128289,0.0,0.0989989850545606,5.941839276326124
PreOnset_Benign,12,24.0,272.0,2.3767769619651453,25.480163275661642,0.0,7.7820733137579055,5.939565022524705
PreOnset_Benign,13,51.0,321.0,0.30321144233351527,36.032321533921774,0.0,3.3053611274602663,6.139855259735725
PreOnset_Benign,14,18.0,96.0,-1.373397474047366,-13.417204853062552,0.0,4.2926862515180595,8.380413821643062
PreOnset_Benign,15,21.0,43.0,-0.3279633968097206,0.3368336464332399,0.0,-0.33236893182734417,4.582672113378049
PreOnset_Benign,16,55.0,108.0,0.5097895275113801,2.292351547546568,0.0,1.081025814823007,8.064975905496036
PreOnset_Benign,17,31.0,168.0,0.5395926075812761,15.872569530244593,0.0,2.926554489812174,8.147719040082883
PreOnset_Benign,18,23.0,53.0,-0.9234099683310529,-8.942629083362643,0.0,2.8736236424876953,8.435395946408818
PreOnset_Benign,19,20.0,103.0,0.5188390457512271,38.88141392364694,0.0,4.491458081470142,8.329804210742326
PreOnset_Benign,20,31.0,45.0,-0.6259274247942803,-21.22254912064499,0.0,3.644691416108562,9.506611896209018
PreOnset_Benign,21,22.0,53.0,0.08993210126354603,0.5291774278909137,0.0,0.21815141079412823,7.081086377380913
PreOnset_Benign,22,22.0,121.0,0.8190244936501513,0.19056535062808702,0.0,0.39506669032637076,3.6926194929331753
PreOnset_Benign,23,23.0,55.0,-0.7545150868721234,-0.16517817847712812,0.0,0.3530289332095167,4.071054793180639
PreOnset_Benign,24,34.0,62.0,0.0858442784788394,-0.44775186418245916,0.0,-0.1960534001702049,5.168106108964897
PreOnset_Benign,25,22.0,51.0,-0.14547839910279503,-0.4795322322379151,0.0,0.26412417811355626,4.5903787673462215
PreOnset_Benign,26,26.0,61.0,0.17294634858374236,0.3648872610181414,0.0,0.2512089159202166,5.29169156665518
PreOnset_Benign,27,16.0,68.0,0.13489815189531904,39.749509998340855,0.0,2.3156285188951804,8.301487137517213
PreOnset_Benign,28,47.0,490.0,8.132431442832091,23.04045265410409,1.0,13.68849522852385,11.89722669081993
PreOnset_Benign,29,29.0,151.0,-6.532924784644736,-32.92529998060419,0.0,14.666237018579508,8.386488197311703
PreOnset_Benign,30,48.0,112.0,-0.6744907594765952,-10.823923651118044,0.0,2.7019690012950353,9.57228248177756
PreOnset_Benign,31,25.0,55.0,-0.9985967088354787,-1.188720284780032,0.0,1.0895192353085432,7.542877102337752
PreOnset_Benign,32,13.0,26.0,-0.5588637721377503,-0.5919983951102534,0.0,0.5751925383650335,4.059990726921679
PreOnset_Benign,33,18.0,84.0,1.1177275442755006,3.23221047156825,0.0,1.9007184623103806,1.7682576860699433
PreOnset_Benign,34,23.0,51.0,-0.6955685957102388,-1.084075395038403,0.0,0.8683598333472617,4.694906899652255
PreOnset_Benign,35,20.0,169.0,3.0033928157825747,9.132321119465107,1.0,5.237169812181096,4.526692065304678
PreOnset_Benign,36,31.0,120.0,-1.2471715929944591,-4.894361928944947,0.0,2.4706495428558264,3.238948913678876
PreOnset_Benign,37,16.0,206.0,1.8126939160933495,25.49152699705597,1.0,6.797671358597202,9.41979265156967
PreOnset_Benign,38,15.0,48.0,-2.7325523076231293,-19.443167323227932,0.0,7.288996620700898,8.043220976628692
PreOnset_Benign,39,38.0,177.0,2.7622002530946284,876.141599366803,1.0,49.194293851194935,4906.159937499301
PreOnset_Benign,40,53.0,229.0,1.113445063262951,2306.24672134024,2.0,50.674244212841074,10933.894052239699
PreOnset_Benign,41,31.0,149.0,-1.3835707886699389,-1639.7120415383858,0.0,47.630428115888904,6490.312960635304
PreOnset_Benign,42,59.0,323.0,2.419822518534589,-71.64448297276981,1.0,-13.166887757791372,9416.40459093902
PreOnset_Benign,43,36.0,179.0,-2.0026117394769014,-312.44700411342535,0.0,25.014196737091783,985.1852390525033
PreOnset_Benign,44,15.0,26.0,-2.1277749731942075,-73.79613357461464,0.0,12.530824639207184,2143.880997670077
PreOnset_Benign,45,27.0,69.0,0.6591614240339454,0.137794486908709,0.0,0.30137818470282723,4400.128448906925
PreOnset_Benign,46,40.0,348.0,4.427833456328708,201.24472313152322,1.0,29.850931610108358,4423.453060085821
PreOnset_Benign,47,57.0,313.0,-0.5365267404927462,-146.48728485887383,2.0,8.865345197394403,4897.956114337773
PreOnset_Benign,48,14.0,38.0,-4.21556724672872,-4.56086424697588,0.0,4.384818118956312,908.1437560815557
PreOnset_Benign,49,31.0,68.0,0.43052601668718843,0.3408050435422165,0.0,0.3830475660582303,555.398933728442
PreOnset_Benign,50,19.0,70.0,0.03290198826715098,0.4759528433602689,0.0,0.12513910207427859,122.97225006153057
PreOnset_Benign,51,29.0,115.0,0.7402947360108971,0.252842901545771,0.0,0.43264103949123434,97.77774936294311
PreOnset_Benign,52,35.0,65.0,-0.6953512984294796,-0.9196787078773964,0.0,0.7996873036759391,121.51678793651546
PreOnset_Benign,53,29.0,66.0,0.017519240505885592,0.034892568363460066,0.0,0.024724305794652998,115.43007917638573
PreOnset_Benign,54,35.0,77.0,0.1927116455647415,-0.06810483662931548,0.0,-0.1145626253965632,7.781397840756938
PreOnset_Benign,55,20.0,32.0,-0.8203265993634267,-0.05761883864127399,0.0,0.21740806324022643,5.781233677399878
PreOnset_Benign,56,26.0,180.0,2.4347471317691727,3.2098915072968337,0.0,2.795581181200287,6.150134750158675
PreOnset_Benign,57,37.0,148.0,-0.41507123660098166,-0.8211130137804348,0.0,0.5837982477012105,3.993408767961457
PreOnset_Benign,58,47.0,131.0,-0.18952632910912592,-0.5787277799895773,0.0,0.33118597750342393,4.8433348555667
PreOnset_Benign,59,24.0,81.0,-0.5916585609443817,-0.663760386431158,0.0,0.6266733718993857,4.3801551324388965
PreOnset_Benign,60,9.0,22.0,-0.7958990961823823,-0.4084402793813902,0.0,0.5701554605580202,2.147739158853851
PreOnset_Benign,61,14.0,25.0,0.04087822784706637,0.001529140518470794,0.0,0.007906235167526345,4.130044055497593
PreOnset_Benign,62,35.0,408.0,4.828597399617495,13.737610128250815,1.0,8.144531204571006,11.066870200101906
PreOnset_Benign,63,32.0,211.0,-2.3517642410068897,-9.014630163750304,0.0,4.604376707547944,9.740633957576412
PreOnset_Benign,64,37.0,91.0,-1.3054659860837325,-1.2498826925736213,0.0,1.2773720451574055,6.981147820774763
PreOnset_Benign,65,13.0,36.0,-0.6131734177059956,0.010335417935886718,0.0,-0.0796078107924562,6.463711305545454
PreOnset_Benign,66,12.0,43.0,0.07153689873236616,-0.052472989254175,0.0,-0.06126789467951754,4.77000065816054
PreOnset_Benign,67,14.0,49.0,0.0709990273133258,0.05752835202710403,0.0,0.06390975697702958,3.2108893132549348
PreOnset_Benign,68,21.0,63.0,0.19076506328630974,0.37138651789843896,0.0,0.2661720732732454,4.80160630918852
PreOnset_Benign,69,20.0,57.0,-0.08175645569413274,-0.532372876159702,0.0,0.20862626743176108,4.9055796586391525
PreOnset_Benign,70,13.0,45.0,-0.19503347261973839,0.08979943875518938,0.0,-0.13234007850884819,3.9872693802396175
PreOnset_Benign,71,13.0,34.0,-0.2089971367392267,-0.15618716981261094,0.0,0.1806728294078528,2.7194966148389583
PreOnset_Benign,72,14.0,45.0,0.2214745777385835,1.5956363826832962,0.0,0.594468581237986,2.4309056212261226
PreOnset_Benign,73,15.0,50.0,0.11241512657943255,-1.30971727316591,0.0,-0.3837082655432575,2.986526742224751
PreOnset_Benign,74,62.0,142.0,2.341628297050821,2.438427378702675,0.0,2.3895377273174914,6.338231018648126
PreOnset_Benign,75,24.0,50.0,-2.341628297050821,-1.7729125568485968,0.0,2.0375235486524805,5.939926476956034
PreOnset_Benign,76,22.0,94.0,1.1199091855460448,3.8412008268371007,0.0,2.0740771657539483,4.937375811461426
PreOnset_Benign,77,15.0,44.0,-1.272624074484142,-3.2611941964486446,0.0,2.037222188659968,2.036941092353286
PreOnset_Benign,78,12.0,146.0,2.9275769134728815,10.39406338311592,1.0,5.516286794355783,4.22619096640945
PreOnset_Benign,79,47.0,100.0,-1.292773955663474,-9.57145565769142,0.0,3.517631105168829,9.608024077452882
PreOnset_Benign,80,36.0,164.0,1.5987929113519292,2.892359768936223,1.0,2.150414912442419,8.163864372283848
PreOnset_Benign,81,22.0,39.0,-2.9072877563646347,-2.9871858353606107,0.0,2.9469660339287533,5.6685289410322435
PreOnset_Benign,82,21.0,60.0,0.5150656708730363,-0.6084219511131306,0.0,-0.5598010900524992,3.2440904631935656
PreOnset_Benign,83,21.0,130.0,1.7816737042777986,11.908665584621822,0.0,4.606230164153621,2.8941914867211986
PreOnset_Benign,84,17.0,43.0,-2.0589717920864485,-6.880271747729048,0.0,3.7638126215930887,5.221564077078358
PreOnset_Benign,85,32.0,150.0,2.830216127999831,46.07075243565393,1.0,11.41885224409508,19.893498732156296
PreOnset_Benign,86,21.0,49.0,-2.390300586215302,-43.768709010661865,0.0,10.22840998425816,20.01350208587411
PreOnset_Benign,87,16.0,32.0,-0.48792948557881355,-0.2804231988024947,0.0,0.3699009963977748,15.157852443611594
PreOnset_Benign,88,17.0,45.0,0.4277258474729628,0.508213799504678,0.0,0.466236182734237,3.715972538475264
PreOnset_Benign,89,17.0,162.0,5.261027923917443,37.90081160842123,1.0,14.120808341275596,4.418785797416681
PreOnset_Benign,90,20.0,78.0,-3.7771482530689333,-36.46763599188419,0.0,11.736424821055989,7.722418432954265
PreOnset_Benign,91,16.0,48.0,-1.0937687991512355,-1.219426649142362,0.0,1.154889960855776,3.7145293953922076
PreOnset_Benign,92,12.0,37.0,-0.4637123971401592,0.17522394745604894,0.0,-0.2850500249275656,5.12480945199319
PreOnset_Benign,93,14.0,43.0,0.31130342745073625,0.5900952114581939,0.0,0.42860081876870315,3.768298119159636
PreOnset_Benign,94,31.0,52.0,0.5278623335034224,-1.8059038752565215,0.0,-0.9763547683479509,4.862808793529692
PreOnset_Benign,95,21.0,136.0,5.395926075812762,16.631903097007015,1.0,9.473358412491907,6.36752712883561
PreOnset_Benign,96,16.0,50.0,-5.524400506189256,-10.450766417630694,0.0,7.598303711199275,5.739557188484935
PreOnset_Benign,97,33.0,68.0,1.1562698733884489,-1.472580515502623,0.0,-1.3048756592926833,4.914022798433225
PreOnset_Benign,98,11.0,31.0,-2.0796798417195017,-0.0920975647157607,0.0,0.437645345926156,7.48978687271504
PreOnset_Benign,99,13.0,51.0,1.1241512657943253,0.05479002320330354,0.0,0.24817790783406596,4.675633934620886
PreOnset_Benign,100,32.0,73.0,1.2365663923737578,0.38862576676873456,0.0,0.6932254773136223,5.098008550600253
PreOnset_Benign,101,21.0,61.0,-0.5395926075812763,0.35909566969048917,0.0,-0.44018787895560657,6.846698001902142
PreOnset_Benign,102,15.0,50.0,-0.5495850632772257,-0.7863252709813909,0.0,0.6573831636182884,4.761324233748514
PreOnset_Benign,103,19.0,253.0,10.1423425313888,17.38679609633032,1.0,13.279414201401949,7.224261041194291
PreOnset_Benign,104,20.0,58.0,-7.736805770466827,-13.67530988113413,0.0,10.286069045134811,6.279706323032473
PreOnset_Benign,105,15.0,46.0,-0.5581992492220098,0.35440894323508954,0.0,-0.44478175100985523,5.678300245486833
PreOnset_Benign,106,42.0,117.0,3.302678891230225,-0.3094710598808519,1.0,-1.0109814720929036,6.414889549459951
PreOnset_Benign,107,25.0,94.0,-1.0698818943421855,-0.627746318630736,0.0,0.8195208481441977,5.104246185188448
PreOnset_Benign,108,19.0,120.0,1.0021005569366557,17.83390014256602,1.0,4.227453283623381,4.071289519065712
PreOnset_Benign,109,21.0,59.0,-2.3510820758898463,-17.476071157372985,0.0,6.409967055693434,5.446957623866925
PreOnset_Benign,110,12.0,26.0,-1.436012584692106,-0.7979854712257028,0.0,1.0704752118015484,4.610574329090961
PreOnset_Benign,111,9.0,41.0,0.6977490615275123,0.375536486773344,0.0,0.5118888856142901,3.234499750016332
PreOnset_Benign,112,22.0,49.0,0.3996982278379823,0.4670932919498162,0.0,0.43208374307227854,5.198450838347373
PreOnset_Benign,113,15.0,47.0,-0.10791852151625524,0.22819468500132095,0.0,-0.15692811418993774,6.33934788871326
PreOnset_Benign,114,14.0,42.0,-0.3372453797382976,-0.16327541986845684,0.0,0.23465694316484162,3.4526365092362834
PreOnset_Benign,115,30.0,67.0,1.6862268986914881,1.4792858634845887,0.0,1.5793706385335198,2.651142973614093
PreOnset_Benign,116,14.0,82.0,1.011736139214893,1.973699374295475,1.0,1.413104024805164,3.5984505391869166
PreOnset_Benign,117,27.0,368.0,15.432348576824499,44.18867821606597,2.0,26.11388683018025,8.834264657747095
PreOnset_Benign,118,25.0,89.0,-14.475609376459236,-28.778716744452794,0.0,20.410523313929637,6.594557112286058
PreOnset_Benign,119,14.0,115.0,1.0960474841494672,-9.347941812241327,1.0,-3.2009042636859224,5.880504580671434
PreOnset_Benign,120,25.0,47.0,-2.86658572777553,-3.1874646413027103,0.0,3.0227703598764326,5.502068599571838
PreOnset_Benign,121,15.0,46.0,-0.05188390457512271,-0.3133601361416107,0.0,0.12750822483753269,5.189582988339964
PreOnset_Benign,122,13.0,36.0,-0.5188390457512271,-0.45179948335623943,0.0,0.48416031726634584,5.466138637092573
PreOnset_Benign,123,14.0,46.0,0.5188390457512271,0.08558878955479521,0.0,0.21072922412331077,6.579493447419837
PreOnset_Benign,124,13.0,43.0,-0.15565171372536812,1.4836165747259729,0.0,-0.4805491258627554,6.027018576863334
PreOnset_Benign,125,22.0,66.0,1.1933298052278223,-1.0489333603457036,0.0,-1.1188044702262785,5.821563199924591
PreOnset_Benign,126,15.0,69.0,0.16187778227438285,0.2183390289838592,0.0,0.18800063243470572,4.973852092097062
PreOnset_Benign,127,27.0,153.0,4.196831392298814,10.127702278825746,1.0,6.5195290363363005,3.933132868017161
PreOnset_Benign,128,30.0,99.0,-2.428166734115743,-5.893984299045868,0.0,3.7830644464962093,1.691585047174968
PreOnset_Benign,129,42.0,87.0,-0.522186394433493,-1.360338398327735,0.0,0.8428227592039698,3.704734729113516
PreOnset_Benign,130,14.0,29.0,-2.0061776435714114,-1.7458094544372362,0.0,1.8714710517204336,5.110282822574585
PreOnset_Benign,131,16.0,46.0,0.6198023195190334,-0.15294953487432722,0.0,-0.30789361228266054,5.53397706291185
PreOnset_Benign,132,10.0,29.0,-0.6744907594765952,0.3432448773587704,0.0,-0.48116057404588736,5.582007264927498
PreOnset_Benign,133,26.0,103.0,2.4956158100634025,3.127868296734776,0.0,2.7939143818534227,4.065254441162985
PreOnset_Benign,134,44.0,106.0,0.10117361392148928,-2.8608922044821874,0.0,-0.5380026053536164,9.052475302319582
PreOnset_Benign,135,15.0,48.0,-1.7008897412888055,-0.6043607466713288,0.0,1.0138791811901977,10.382350447824818
PreOnset_Benign,136,19.0,47.0,-0.029325685194634576,0.7333167356325012,0.0,-0.14664588551035382,9.419636347256155
PreOnset_Benign,137,12.0,50.0,0.12263468354119914,0.5369255473076184,0.0,0.256604159317917,4.258545249500023
PreOnset_Benign,138,14.0,43.0,-0.2777314891962451,1.6565006640251283,0.0,-0.6782789958964288,0.9630167351845563
PreOnset_Benign,139,35.0,170.0,5.710688430235173,5.677609177326372,1.0,5.694124782647,3.490357242715119
PreOnset_Benign,140,23.0,100.0,-2.623019620186759,9.011698403931906,0.0,-4.861878415254653,5.936712802022276
PreOnset_Benign,141,21.0,138.0,1.5076852270653305,9.80121492556412,1.0,3.8441054811965354,3.893530110081835
PreOnset_Benign,142,14.0,40.0,-3.478952338352965,-19.388281413059193,0.0,8.212850111782608,3.5571976186349037
PreOnset_Benign,143,12.0,84.0,1.4838796708485096,1.7405031499953867,0.0,1.607077235644245,5.134772737916478
PreOnset_Benign,144,45.0,189.0,3.013682116810319,3.7289497983791144,1.0,3.3522931437836077,5.77079619949608
PreOnset_Benign,145,25.0,87.0,-2.7519222986645087,-3.4602554526196654,0.0,3.0858311909661404,6.180770710813041
PreOnset_Benign,146,22.0,89.0,0.045728187083159,0.469473589356762,0.0,0.14652022428561925,3.177974132213884
PreOnset_Benign,147,16.0,88.0,-0.022483025315886508,0.06606804263963223,0.0,-0.03854101030380393,2.8814384689560826
PreOnset_Benign,148,18.0,85.0,-0.06859228062473849,-0.15113810119222684,0.0,0.10181800945838289,1.6184006728167484
PreOnset_Benign,149,11.0,66.0,-0.43441777729001047,-0.8234096254739613,0.0,0.5980834216876424,2.240648044186388
PreOnset_Benign,150,13.0,32.0,-1.0666365498699646,-0.6262579367525828,0.0,0.8173063103796872,2.132675322604968
PreOnset_Benign,151,11.0,34.0,0.05865137038926915,0.1688769967299724,0.0,0.09952319973472018,2.759674791336139
PreOnset_Benign,152,22.0,44.0,0.27530235080677357,-0.2139798270970584,0.0,-0.24271207103283332,1.9753716647984385
PreOnset_Benign,153,12.0,36.0,-0.22483025315886507,0.33376517339847,0.0,-0.2739352267065894,3.612635275780179
PreOnset_Benign,154,13.0,42.0,0.16518141048406415,1.9101647912503972,0.0,0.5617149761896496,2.0594287582874866
PreOnset_Benign,155,41.0,277.0,6.340213139079995,76.29508606178658,1.0,21.99379701407145,18.705394078750494
PreOnset_Benign,156,35.0,306.0,0.6520077341607088,-64.36083635758278,2.0,-6.477944356213298,16.353468652245994
PreOnset_Benign,157,22.0,85.0,-3.7737331099829756,-3.143374958291232,0.0,3.4441629109545584,11.645358777465379
PreOnset_Benign,158,15.0,30.0,-0.9762366255582299,-2.1456746092641112,0.0,1.447303057446494,3.478671389495686
PreOnset_Benign,159,22.0,122.0,2.001714511995057,2.2504272325069388,0.0,2.122430882148583,5.756893904470975
PreOnset_Benign,160,26.0,148.0,0.5567225316314754,2.9657853869547233,0.0,1.2849589677888817,2.4075110378230478
PreOnset_Benign,161,15.0,35.0,-1.9295558435659559,-4.155027017912501,0.0,2.831493715795162,9.13802667475939
PreOnset_Benign,162,12.0,18.0,-0.27966690027078334,-0.2045229743704369,0.0,0.23916167392862292,3.339776051753213
PreOnset_Benign,163,9.0,17.0,-0.01645099413357549,0.12104770165776342,0.0,-0.044624601173059934,6.88703983544498
PreOnset_Benign,164,13.0,71.0,1.0712500297569452,2.6477876058841137,0.0,1.6841741452692556,5.234019983177375
PreOnset_Benign,165,20.0,80.0,0.20234722784297857,20.716977630085108,0.0,2.0474430377260124,44.95689046879315
PreOnset_Benign,166,36.0,80.0,0.0,-20.202447741547545,0.0,-0.0,44.84986634257343
PreOnset_Benign,167,26.0,32.0,-0.8301424732019633,-1.0775504389014594,0.0,0.9457908787620647,36.70502162401824
PreOnset_Benign,168,25.0,38.0,0.09870596480145295,0.02013742453262934,0.0,0.04458344891447528,7.2430984628649915
PreOnset_Benign,169,8.0,14.0,-0.385423291129483,-0.02049502291261314,0.0,0.08887777665284792,7.168069948208318
PreOnset_Benign,170,15.0,66.0,0.9110005063060507,2.051593492136484,0.0,1.3671147391753684,7.261088124139695
PreOnset_Benign,171,32.0,205.0,2.9763243037221185,1.3344855816906298,1.0,1.992953052571126,9.870749306074947
PreOnset_Benign,172,15.0,36.0,-3.6186964556045904,-3.2577715604906388,0.0,3.4334947792470736,9.851629538169599
PreOnset_Benign,173,28.0,221.0,3.8394089385590804,4.088887039921914,1.0,3.9621849338256006,8.83286129976193
PreOnset_Benign,174,28.0,126.0,-1.941715822735653,-1.8929711721141163,0.0,1.9171885866748828,3.758285038267079
PreOnset_Benign,175,10.0,19.0,-2.186985189818051,-2.2725392289205484,0.0,2.2293518423366403,4.826666382526795
PreOnset_Benign,176,22.0,40.0,0.4496605063177302,0.11033342135238466,0.0,0.22273882039079032,3.7957977829133718
PreOnset_Benign,177,22.0,119.0,2.131390799946041,1.9931964040655636,0.0,2.0611357253007077,2.167652879811612
PreOnset_Benign,178,31.0,146.0,0.7284500202347228,-1.215598457956469,1.0,-0.941011541531605,4.593330040697148
PreOnset_Benign,179,16.0,35.0,-2.9947389720760826,-0.65023191754185,0.0,1.3954479081464632,5.9099897223527895
PreOnset_Benign,180,19.0,151.0,3.0682716901680407,1.5731845374768998,1.0,2.1970338139752137,5.872086661858736
PreOnset_Benign,181,12.0,27.0,-3.0413401518217387,-1.0490343866169611,0.0,1.786188791998162,6.1569309286322245
PreOnset_Benign,182,41.0,205.0,4.1399777650632394,1.7774546421166044,1.0,2.7126781410206373,8.145696493483788
PreOnset_Benign,183,37.0,151.0,-0.8004945277304647,0.9901415068619107,0.0,-0.8902824596282665,4.029149959652338
PreOnset_Benign,184,16.0,116.0,-0.4969931911932807,-0.5969335381375961,0.0,0.5446759624302323,2.938213810480524
PreOnset_Benign,185,49.0,245.0,1.7757001627036895,4.431589252845522,1.0,2.805204762100926,8.693794914547407
PreOnset_Benign,186,17.0,100.0,-1.9959420433491084,-3.2641798603802266,0.0,2.5524720998252493,7.035070473678472
PreOnset_Benign,187,16.0,166.0,0.9471572367118146,0.4338270555963786,0.0,0.6410167198985443,5.681990471212599
PreOnset_Benign,188,37.0,114.0,-0.7157861120976113,-2.7471090913148912,0.0,1.4022633618476552,4.809020293171573
PreOnset_Benign,189,39.0,231.0,1.421899438896606,4.715448115127092,0.0,2.589380819625663,7.478123332481133
PreOnset_Benign,190,16.0,43.0,-2.2246361891508752,-4.341475808002546,0.0,3.107765145052872,8.64597968195977
PreOnset_Benign,191,30.0,74.0,0.4448768839100947,0.23120976193761403,0.0,0.32071775507508243,4.224259070391379
PreOnset_Benign,192,29.0,249.0,2.5114017640085993,2.4885687058492567,1.0,2.499959167211821,4.231760408510538
PreOnset_Benign,193,13.0,34.0,-2.612892131305729,-2.084843691792532,0.0,2.3339819359384713,7.1075743009690715
PreOnset_Benign,194,28.0,66.0,0.38889557303155037,-0.028779343870336125,0.0,-0.10579300272667566,3.8144855692178057
PreOnset_Benign,195,28.0,122.0,0.6805672528052131,0.33548279666446096,0.0,0.47782696166012034,2.3313204504860043
PreOnset_Benign,196,22.0,34.0,-0.9061860585334409,-0.48128933952877984,0.0,0.6604072149831103,5.150507174695952
PreOnset_Benign,197,52.0,369.0,3.322858888597932,4.881348394855172,1.0,4.027410073755559,11.415581811987279
PreOnset_Benign,198,30.0,73.0,-2.626964010593055,-3.2291150594005593,0.0,2.9125193642462404,10.928161629887787
PreOnset_Benign,199,20.0,52.0,-0.1927116455647415,0.09133777165184771,0.0,-0.13267197246307966,5.503373874357002
PreOnset_Benign,200,36.0,219.0,1.6687401012235763,4.930575682299746,0.0,2.8684228006295345,5.4254655402777345
PreOnset_Benign,201,25.0,119.0,-0.8874878414165726,-4.673316712391366,0.0,2.0365440730159037,6.3216968188405644
PreOnset_Benign,202,26.0,67.0,-0.5010502784683278,-0.5702511877116705,0.0,0.5345320536692137,5.92683646024636
PreOnset_Benign,203,19.0,63.0,-0.046119026288997965,0.15586186950759912,0.0,-0.08478323924734968,5.865769804514116
PreOnset_Benign,204,33.0,76.0,0.17025980336302404,0.25581985076568975,0.0,0.20870035334834605,5.931035149309352
PreOnset_Benign,205,23.0,148.0,0.981077468329593,1.6649127918762054,0.0,1.2780486793715888,5.7186290512217965
PreOnset_Benign,206,28.0,73.0,-1.011736139214893,-2.125772132944413,0.0,1.466533494549575,7.475493506618146
PreOnset_Benign,207,18.0,45.0,-0.3893967271205086,0.14558628099009938,0.0,-0.23809834382286538,7.107604084497792
PreOnset_Benign,208,11.0,32.0,-0.1992813607544486,-0.2359635548528887,0.0,0.21684819182907805,4.202350683400805
PreOnset_Benign,209,36.0,141.0,1.500397811896916,4.8798243587228685,0.0,2.705859898492356,5.444258677948197
PreOnset_Benign,210,18.0,90.0,-0.7817961075751445,-3.060035175292577,0.0,1.5467138032250058,5.909734284593019
PreOnset_Benign,211,16.0,55.0,-0.4918161787850173,-0.7494745921220505,0.0,0.6071274413118932,2.3341824379915224
PreOnset_Benign,212,36.0,76.0,0.3182990100900786,0.19069628685432627,0.0,0.24637053259995548,3.106638704053984
PreOnset_Benign,213,13.0,52.0,-0.4375075196604942,-0.2770935198645512,0.0,0.34818170341064114,4.616303462314846
PreOnset_Benign,214,26.0,66.0,0.26599635584992487,-0.3448522123664752,0.0,-0.30286867087281705,7.824665273277592
PreOnset_Benign,215,15.0,31.0,-0.7615218252155107,-0.07035537931299748,0.0,0.23146739914761955,6.720633239902007
PreOnset_Benign,216,21.0,49.0,0.411553683748431,1.3055593311616187,0.0,0.7330127912197043,3.911472629609609
PreOnset_Benign,217,19.0,46.0,-0.06977490615275123,0.9561211760553444,0.0,-0.2582891119074124,2.4835223509469717
PreOnset_Benign,218,23.0,89.0,1.1838001084691263,-2.212021986260926,0.0,-1.6182063735110477,3.2527129692424994
PreOnset_Benign,219,14.0,49.0,-1.199094683513947,0.6737129737553671,0.0,-0.8988023392517579,6.319668214199411
PreOnset_Benign,220,16.0,48.0,-0.032118607594123584,-0.2948718032666477,0.0,0.09731840391053002,3.8049781745619584
PreOnset_Benign,221,23.0,96.0,1.6602849464039267,2.76969594289947,0.0,2.1444077224520575,4.5690610406203005
PreOnset_Benign,222,30.0,93.0,-0.09635582278237075,2.4929087300668202,0.0,-0.4901084286226298,4.252599516168975
PreOnset_Benign,223,12.0,33.0,-1.9271164556474147,-5.306321051880233,0.0,3.1977958999952913,6.023801683954782
PreOnset_Benign,224,21.0,156.0,3.9505887340772006,55.059248805144236,1.0,14.748438833868363,18.24504989383483
PreOnset_Benign,225,38.0,498.0,10.252259544044247,-38.20437712290734,2.0,-19.790937066814003,17.049267225646908
PreOnset_Benign,226,22.0,59.0,-13.160064151565567,-14.269737518600161,0.0,13.703673272914097,14.674313211969995
PreOnset_Benign,227,33.0,151.0,2.886193017295198,3.421548098514826,1.0,3.142490768526322,10.05205863093409
PreOnset_Benign,228,11.0,45.0,-3.3253963025357716,-2.4003270928978258,0.0,2.8252502260151875,7.80741393446488
PreOnset_Benign,229,11.0,23.0,-0.69017659109233,-1.0112145279695162,0.0,0.835414026562303,4.894834716251736
PreOnset_Benign,230,12.0,45.0,0.6744907594765952,-0.061042281749910235,0.0,-0.20290996766467945,6.123837842905362
PreOnset_Benign,231,13.0,30.0,-0.5188390457512271,0.1595554274758903,0.0,-0.2877213682297859,5.231593842297118
PreOnset_Benign,232,18.0,45.0,0.632335087009308,0.3349775744031875,0.0,0.46023697554239,2.7536497951145718
PreOnset_Benign,233,10.0,86.0,1.455480059923179,3.2924278308668264,0.0,2.1890781293875263,2.953682105997974
PreOnset_Benign,234,17.0,96.0,0.31371663231469543,3.5538001228751703,0.0,1.0558817199231878,2.8205915755586513
PreOnset_Benign,235,30.0,162.0,1.8169955153247055,-0.03042252402052507,1.0,-0.2351118663746094,4.303432029986035
PreOnset_Benign,236,25.0,90.0,-1.9821769258087698,2.934041824305655,0.0,-2.4115949086645,2.9316533206395095
PreOnset_Benign,237,42.0,59.0,-0.8199691585793902,-8.234113744806542,0.0,2.598407073377074,4.654782749199155
PreOnset_Benign,238,24.0,55.0,-0.09992455695949558,-0.1224887419922985,0.0,0.11063287610880587,3.6534995378321273
PreOnset_Benign,239,14.0,24.0,-0.789026926180168,0.05019328287411217,0.0,-0.19900716494903492,4.673378628937698
PreOnset_Benign,240,15.0,213.0,5.09915014164306,19.410954995585694,1.0,9.94883781731152,6.564342699675661
PreOnset_Benign,241,23.0,78.0,-3.642250101173614,-18.44770433193821,0.0,8.197020981394573,6.993886381083939
PreOnset_Benign,242,33.0,85.0,0.17816737042777986,-0.7348442340032697,0.0,-0.3618359640035505,7.41209183277321
PreOnset_Benign,243,24.0,52.0,-0.8399318891595337,0.33972257700906805,0.0,-0.5341758379947297,7.8335938572986805
PreOnset_Benign,244,26.0,67.0,0.3817872223452426,0.1624425319112424,0.0,0.2490351040498541,8.317773856283843
PreOnset_Benign,245,26.0,108.0,1.0435517410769963,1.0751463995777386,0.0,1.0592312765359664,5.411868580375884
PreOnset_Benign,246,29.0,87.0,-0.5781349366942246,-0.7532721133434694,0.0,0.6599188780155872,3.665023503733072
PreOnset_Benign,247,18.0,65.0,-0.6182831961868789,4.760421330814504,0.0,-1.7156015025675941,4.309856467600226
PreOnset_Benign,248,27.0,51.0,-0.4018242822413759,-4.9549775860477885,0.0,1.4110387351294642,2.8855305545766416
PreOnset_Benign,249,13.0,36.0,-0.4817791139118537,-0.31344568732003975,0.0,0.38860209147216473,7.152615132901389
PreOnset_Benign,250,9.0,31.0,-0.1498868354392434,0.0995651311408282,0.0,-0.12216178791582907,6.458680027227923
PreOnset_Benign,251,34.0,171.0,3.703086522616601,11.965155942965099,1.0,6.656426046565828,8.188717824703044
PreOnset_Benign,252,25.0,80.0,-2.4070062397007908,-11.595388273271139,0.0,5.28300784833006,5.988203045921958
PreOnset_Benign,253,19.0,47.0,-0.9892531138990063,0.5471211767425377,0.0,-0.7356910545688619,3.0275869255925825
PreOnset_Benign,254,17.0,124.0,2.4731327847475155,3.2113326602779857,0.0,2.8181646660307025,3.8671979281772413
PreOnset_Benign,255,13.0,39.0,-2.7300816455005044,-4.1335655401770035,0.0,3.3593111513687766,5.220767309718544
PreOnset_Benign,256,10.0,64.0,0.717543361145314,3.0310342124452685,0.0,1.4747537002986018,4.271792607389453
PreOnset_Benign,257,33.0,191.0,3.8936512024330723,2.496585476425792,1.0,3.117825049976703,5.031012322006365
PreOnset_Benign,258,20.0,108.0,-2.544669683479882,-3.3842119564229796,0.0,2.9345700823084284,5.8998973874926
PreOnset_Benign,259,21.0,39.0,-2.0684383290615584,-0.26477525734774243,0.0,0.7400481679493629,2.7155819669363024
PreOnset_Benign,260,13.0,38.0,-0.029977367087848674,3.5026400189075444,0.0,-0.3240369201547575,4.929020047443235
PreOnset_Benign,261,14.0,98.0,1.5870370811214003,-3.0697018044881625,0.0,-2.207199717222705,5.078116735218074
PreOnset_Benign,262,40.0,75.0,-0.6083642144298701,-0.7951637624713191,0.0,0.6955207960219191,6.146299802436329
PreOnset_Benign,263,24.0,63.0,-0.3237555645487657,0.07455157442759071,0.0,-0.1553592194457862,4.5882286107864
PreOnset_Benign,264,13.0,26.0,-1.0186186979850622,-0.3430487249348461,0.0,0.5911309884776543,4.548139216543983
PreOnset_Benign,265,23.0,150.0,3.279876634317561,5.181621836643369,1.0,4.122508992091616,5.565863774310242
PreOnset_Benign,266,10.0,28.0,-3.2269753982801808,-4.716705367111226,0.0,3.9013705515631316,6.1498431262264965
PreOnset_Benign,267,15.0,67.0,1.0315741027289103,0.7737182764832501,0.0,0.8933911443640841,4.898273120318635
PreOnset_Benign,268,40.0,75.0,0.19984911391899116,-0.8485864925922917,0.0,-0.4118121642547656,6.694309418733235
PreOnset_Benign,269,19.0,62.0,-0.3131564240427049,-0.0013442584487280294,0.0,0.02051738698745197,5.913683629684557
PreOnset_Benign,270,18.0,51.0,-0.30914159809343944,-0.20265748462105745,0.0,0.25029953787682135,2.912486597672314
PreOnset_Benign,271,21.0,71.0,0.6744907594765952,1.3251700562785833,0.0,0.9454178746432628,4.737228615059956
PreOnset_Benign,272,19.0,108.0,1.2478079050317012,2.059286791129395,0.0,1.6029954262874941,5.682116980619599
PreOnset_Benign,273,19.0,48.0,-1.686226898691488,0.009718189450025108,0.0,-0.12801200122337036,4.171175235587845
PreOnset_Benign,274,14.0,37.0,-0.30914159809343944,-2.325491039921021,0.0,0.8478832563703325,2.9710781903359336
PreOnset_Benign,275,17.0,52.0,0.3967592702803501,0.20634409931121606,0.0,0.28612747905326075,3.1819001112124567
PreOnset_Benign,276,9.0,36.0,-0.44966050631773014,0.06035976264837053,0.0,-0.16474647624056882,2.3010589518977076
PreOnset_Benign,277,23.0,56.0,0.5740346889162512,0.12567026953789026,0.0,0.2685872187580866,3.8308037694044024
PreOnset_Benign,278,16.0,33.0,-0.7567457301444727,-0.31484205942166094,0.0,0.4881141097502041,3.6626029304803063
PreOnset_Benign,279,16.0,47.0,0.44966050631773014,-0.1402360753384428,0.0,-0.25111476388435533,2.986562536848177
PreOnset_Benign,280,13.0,32.0,-0.49352982400726475,0.33446557937777754,0.0,-0.4062865226989475,2.538687903078699
PreOnset_Benign,281,13.0,40.0,0.26321590613720786,0.25648965217395203,0.0,0.25983101472261555,1.2734230144219092
PreOnset_Benign,282,28.0,66.0,1.0315741027289103,-0.4221772274855912,0.0,-0.6599296133952679,4.705682057125618
PreOnset_Benign,283,13.0,40.0,-1.062833924023726,1.2368921606852896,0.0,-1.146564847156641,6.53849456709264
PreOnset_Benign,284,16.0,40.0,0.0,6.244201699941242,0.0,0.0,4.543924099615922
PreOnset_Benign,285,16.0,31.0,-0.41864943691650736,-8.036152945275312,0.0,1.8342112488790492,2.5563348604470626
PreOnset_Benign,286,12.0,158.0,5.710688430235173,8.901763405099214,1.0,7.12988059410471,5.59946441208428
PreOnset_Benign,287,32.0,199.0,1.784136847647768,7.9582428873156585,2.0,3.76810222496559,3.2749634078320207
PreOnset_Benign,288,15.0,49.0,-6.527329930418663,-16.479342575867765,0.0,10.371408102523217,4.535014288554136
PreOnset_Benign,289,23.0,56.0,0.31476235442241113,0.7859455823181987,0.0,0.4973792134160505,5.460261474688931
PreOnset_Benign,290,17.0,133.0,3.4623858986465224,12.200248700837475,1.0,6.499382206160846,4.753174451028022
PreOnset_Benign,291,16.0,70.0,-2.4995834027662056,-6.805146460718817,0.0,4.124321901428881,4.680291250859595
PreOnset_Benign,292,12.0,37.0,-1.3489815189531904,-6.162323945323569,0.0,2.883203273451979,4.8916460463344205
PreOnset_Benign,293,12.0,35.0,-0.08993210126354603,0.3738236845565027,0.0,-0.18335416399484167,4.505133951344608
PreOnset_Benign,294,42.0,317.0,12.271380269187086,21.84914416389127,1.0,16.37434446295178,6.925433665156232
PreOnset_Benign,295,11.0,27.0,-12.619504532142749,-19.060475370535958,0.0,15.509150696388044,10.149043986672375
PreOnset_Benign,296,14.0,32.0,0.21757766434728876,-0.6443299013593453,0.0,-0.374421947816745,5.629389240226161
PreOnset_Benign,297,19.0,189.0,6.831938660504867,10.46113257776431,1.0,8.453982262265217,2.7993301973510816
PreOnset_Benign,298,35.0,102.0,-3.7858513596428245,-2.843322164893953,2.0,3.280913757456351,4.780118046027927
PreOnset_Benign,299,18.0,114.0,0.522186394433493,-1.6705329417639034,3.0,-0.9339858530203062,5.037155295220462
PreOnset_Benign,300,23.0,62.0,-2.125667848047452,-2.291972700255169,0.0,2.2072545565781287,2.839505668335776
PreOnset_Benign,301,13.0,28.0,-1.389859746800257,-0.5171530031081781,0.0,0.8478031268855553,2.909027869095032
PreOnset_Benign,302,33.0,115.0,3.6675435046539864,3.514873804718208,1.0,3.590397274978454,5.248904809995817
PreOnset_Benign,303,29.0,60.0,-2.318561985700796,-4.079527822438592,0.0,3.0754899006036203,7.125805990768703
PreOnset_Benign,304,29.0,76.0,0.654051645553062,-0.3661186987073427,0.0,-0.4893470520574158,3.3560608839206885
PreOnset_Benign,305,35.0,181.0,3.5410764872521248,9.431421588681712,1.0,5.779047086591603,4.661722640773973
PreOnset_Benign,306,29.0,83.0,-3.0045497467593787,-6.1681911491562715,0.0,4.304954953906129,7.108796257988172
PreOnset_Benign,307,12.0,34.0,-1.3220018885741267,-0.7470758687492633,0.0,0.9937986261787056,4.269408867239328
PreOnset_Benign,308,35.0,162.0,3.4533926885201676,3.1977445765036205,1.0,3.3231111537612796,6.949318230899393
PreOnset_Benign,309,22.0,36.0,-3.0352084176446783,-3.448080355137469,0.0,3.235064530829099,9.162238740536006
PreOnset_Benign,310,15.0,54.0,0.43360120252066836,0.48210745154072643,0.0,0.4572115164037689,3.396284832139302
PreOnset_Benign,311,23.0,128.0,1.88348363023653,0.5332614740067526,0.0,1.0021922255373574,2.0522371999716635
PreOnset_Benign,312,16.0,76.0,-1.1314038546059015,0.3601264901268256,0.0,-0.6383169268280332,4.659872256368767
PreOnset_Benign,313,17.0,52.0,-0.49053873416479654,-0.6396949099917165,0.0,0.5601741973698896,1.8688617478747847
PreOnset_Benign,314,29.0,64.0,0.24526936708239827,-0.32902324837426855,0.0,-0.2840762642040893,2.9213378921416386
PreOnset_Benign,315,26.0,62.0,-0.03967592702803501,0.27185954410503854,0.0,-0.10385701436969183,2.8248134323456098
PreOnset_Benign,316,21.0,62.0,0.0,1.1180025938469205,0.0,0.0,2.358575444052598
PreOnset_Benign,317,33.0,109.0,1.1527660252872718,34.91022560838289,0.0,6.343762449560787,24.01376830988464
PreOnset_Benign,318,16.0,65.0,-1.0791852151625523,-36.02421444952636,0.0,6.2351262715180065,24.056630016123496
PreOnset_Benign,319,19.0,61.0,-0.09303320820366831,4.400764804309751,0.0,-0.6398572249296907,20.491205932985913
PreOnset_Benign,320,12.0,70.0,0.20932471845825368,0.3032923048934003,0.0,0.25196542685925355,5.7546078407763455
PreOnset_Benign,321,10.0,71.0,0.024088955695592686,-1.988475438173743,0.0,-0.2188613641827665,3.859889523178929
PreOnset_Benign,322,24.0,115.0,1.0599140506060782,-0.4881956885775674,0.0,-0.7193368263676433,3.8149065454639706
PreOnset_Benign,323,32.0,186.0,1.4965263725886957,7.6808629901286025,1.0,3.3903707804557186,5.8591194291425275
PreOnset_Benign,324,20.0,110.0,-1.5533726581885223,-6.420861842701818,0.0,3.1581626348969074,6.491046245603036
PreOnset_Benign,325,19.0,131.0,0.429221392394197,-0.11464949175695086,0.0,-0.2218333033816281,3.3532448668787493
PreOnset_Benign,326,18.0,88.0,-0.9063469580466748,0.031053097248505267,0.0,-0.1677643592337488,1.5392430258757488
PreOnset_Benign,327,22.0,81.0,-0.18885741265344666,-0.42033895641038554,0.0,0.2817518904020261,1.9050210099155862
PreOnset_Benign,328,38.0,277.0,5.747834298148377,45.598155109967806,1.0,16.189213689162383,17.301316073070776
PreOnset_Benign,329,24.0,132.0,-4.252224353222013,-45.14291730088284,0.0,13.854884060225888,18.726452180876414
PreOnset_Benign,330,10.0,44.0,-2.5806602971278427,-0.19243066764668634,0.0,0.7046972285638753,10.948350945575138
PreOnset_Benign,331,10.0,19.0,-0.6022238923898171,-1.027040847758765,0.0,0.786453137180227,7.290027201407147
PreOnset_Benign,332,8.0,22.0,0.07226686708677806,0.03446240065878109,0.0,0.04990480666127688,7.364411137373351
PreOnset_Benign,333,13.0,35.0,0.34385803424297007,-0.018798487585574446,0.0,-0.08039907330259786,6.20283493773191
PreOnset_Benign,334,21.0,110.0,1.5565171372536812,3.7473473976016054,0.0,2.415121206815485,6.131931676529576
PreOnset_Benign,335,38.0,319.0,3.9157935758502336,2.8495649296594725,1.0,3.3404053714375275,4.788210922106192
PreOnset_Benign,336,39.0,137.0,-3.409925506242787,-4.6019822119760985,0.0,3.9613654872900708,4.267012806900746
PreOnset_Benign,337,14.0,31.0,-1.9587950823155915,-0.9348521833443194,0.0,1.353212422137355,3.652169753204715
PreOnset_Benign,338,39.0,293.0,4.8415501091196695,10.06682275251335,1.0,6.981334170194074,12.409079059355559
PreOnset_Benign,339,19.0,68.0,-4.15781975019819,-9.977783772787078,0.0,6.440949187324887,11.891424002478951
PreOnset_Benign,340,69.0,111.0,0.8056417404859332,-0.00790160511953279,0.0,-0.07978635786356561,11.032105657375629
PreOnset_Benign,341,31.0,272.0,3.3935316336166195,4.675379153848364,1.0,3.9832206890575526,8.302690465682893
PreOnset_Benign,342,17.0,85.0,-3.9415553756913533,-2.604759826445441,0.0,3.204185558969846,7.275198933794551
PreOnset_Benign,343,34.0,99.0,0.32009730958211297,-0.7653279730407502,0.0,-0.494953962625087,5.237845304555254
PreOnset_Benign,344,26.0,78.0,-0.56657223796034,0.06641771617059605,0.0,-0.1939856543432768,4.899656873212243
PreOnset_Benign,345,43.0,116.0,1.0252259544044247,-0.3407729667766724,0.0,-0.5910746907953691,6.006397984334158
PreOnset_Benign,346,20.0,31.0,-1.9110571518503532,-0.3749023494975735,0.0,0.8464394935568865,7.7064381105885085
PreOnset_Benign,347,37.0,56.0,0.5528612782595043,-0.023385374509849476,0.0,-0.11370518037491788,4.956832139958816
PreOnset_Benign,348,16.0,119.0,1.41643059490085,0.37328907885230783,0.0,0.7271437767242216,3.9096508137557637
PreOnset_Benign,349,13.0,26.0,-1.7922183037520958,-0.33589944867766297,0.0,0.7758899020739639,3.7834188180541295
PreOnset_Benign,350,46.0,80.0,0.9712666936462971,0.07177784178665816,0.0,0.2640367911280443,3.836423096059495
PreOnset_Benign,351,21.0,131.0,0.9173074328881695,2.7904374902933484,0.0,1.5999028254415635,5.743161011803347
PreOnset_Benign,352,42.0,85.0,-1.0342191645307794,-2.75597925105593,0.0,1.6882791707804805,11.015034007681056
PreOnset_Benign,353,40.0,165.0,1.4389136202167365,0.5766437186881466,0.0,0.9109009281106274,9.033979697209386
PreOnset_Benign,354,30.0,211.0,0.8273753316246235,6.5280999983380745,1.0,2.324045804411709,5.757474477124842
PreOnset_Benign,355,47.0,304.0,1.650727385034825,-1.274654800894878,2.0,-1.4505542341819857,8.833860439338808
PreOnset_Benign,356,35.0,219.0,-1.3983345013539168,-4.724877380757567,3.0,2.5704005633714044,7.060931038972595
PreOnset_Benign,357,17.0,43.0,-2.178171993906069,-0.9717506342268688,0.0,1.454867697260966,3.5686195351648413
PreOnset_Benign,358,36.0,79.0,0.4013498734075608,0.07055662185658412,0.0,0.16827920623239573,5.833813521613114
PreOnset_Benign,359,23.0,133.0,0.7832795916502395,4.155475404314451,0.0,1.8041338857756752,10.980906214083381
PreOnset_Benign,360,22.0,47.0,-1.2474452755911223,-4.216359183154335,0.0,2.2933986446366275,9.923376341111544
PreOnset_Benign,361,17.0,108.0,0.9143096961793846,0.4930849571681117,0.0,0.6714405091882684,6.115150642098421
PreOnset_Benign,362,36.0,143.0,0.568847628474237,0.10282127246587044,0.0,0.2418463086319776,3.798205940836775
PreOnset_Benign,363,11.0,27.0,-2.086424749314268,-0.6861128795764035,0.0,1.196462658327241,7.75291576269765
PreOnset_Benign,364,14.0,35.0,0.14389136202167366,0.10320370657047331,0.0,0.12186107624713707,2.945108080263688
PreOnset_Benign,365,31.0,211.0,2.7289741073076037,5.824121904855305,0.0,3.9867126653614213,3.7955057341956833
PreOnset_Benign,366,22.0,41.0,-2.635940899103935,-5.86523346654862,0.0,3.9319726318056514,6.390259103707068
PreOnset_Benign,367,47.0,70.0,0.41617514946428213,-0.005905391575414745,0.0,-0.049574965673647664,5.349272663803764
PreOnset_Benign,368,11.0,29.0,-0.6431190962451256,0.07721199503308714,0.0,-0.22283740364885363,5.740378954311739
PreOnset_Benign,369,12.0,26.0,-0.04705749484720432,-0.19677602018321128,0.0,0.09622778473925729,3.509678070792373
PreOnset_Benign,370,19.0,37.0,0.1648755189831677,-0.028823150180153627,0.0,-0.06893643336206634,2.859578958941423
PreOnset_Benign,371,33.0,146.0,1.5810643609236317,3.7425944300368643,0.0,2.4325465402993993,4.672999488326094
PreOnset_Benign,372,15.0,86.0,-0.870310657389155,-3.7087703109107335,0.0,1.7966029966005572,6.797603127331498
PreOnset_Benign,373,13.0,32.0,-0.7832795916502395,0.0944103479230788,0.0,-0.271936938955976,5.425482481542386
PreOnset_Benign,374,12.0,31.0,-0.014662842597317288,-0.07186547871447427,0.0,0.032461549602124544,4.242763142036108
PreOnset_Benign,375,9.0,70.0,0.5480237420747336,32.29202587844382,0.0,4.206756097170231,4.740047035536965
PreOnset_Benign,376,23.0,63.0,-0.10853874290427969,-30.442917463244775,0.0,1.8177557569154694,4.983578149217805
PreOnset_Benign,377,26.0,59.0,-0.06274332646293909,0.3109741949626488,0.0,-0.13968376940822846,6.109689264927547
PreOnset_Benign,378,15.0,121.0,0.9725215601755559,0.9134590589577379,0.0,0.9425277869506418,3.8204013559816703
PreOnset_Benign,379,14.0,29.0,-1.443096508647599,-2.603462559064081,0.0,1.9383105348163692,4.610156936437442
PreOnset_Benign,380,14.0,117.0,1.38035318218466,4.760364457295591,0.0,2.5633931081647856,4.9031428943480435
PreOnset_Benign,381,29.0,199.0,1.2862381924902513,18.89082020713028,0.0,4.929309732394341,4.559024989815706
PreOnset_Benign,382,27.0,56.0,-2.2430739210500725,-22.106592295600596,0.0,7.041783911875466,8.296543983603367
PreOnset_Benign,383,33.0,252.0,3.3050047214353167,10.0029393950314,1.0,5.749761901923427,10.942195327285253
PreOnset_Benign,384,11.0,33.0,-3.692836908134359,-9.756598567850688,0.0,6.002460103091885,7.823828981511818
PreOnset_Benign,385,5.0,15.0,-0.3326255800158552,-0.4124453879066169,0.0,0.37039153119004065,5.245135236285987
PreOnset_Benign,386,16.0,69.0,1.1749193874753594,2.275444201789811,0.0,1.6350729365386862,4.910128281838347
PreOnset_Benign,387,24.0,50.0,-0.43441777729001047,-2.1837397899720843,0.0,0.9739894176732246,5.062135277333822
PreOnset_Benign,388,25.0,195.0,3.315293563529027,17.908337313436462,1.0,7.705283604692472,5.415974784317899
PreOnset_Benign,389,38.0,120.0,-1.6318324826046657,-9.037616301808523,0.0,3.8402963227606017,5.1663187954109135
PreOnset_Benign,390,11.0,29.0,-1.9799567455603277,-5.138462908918685,0.0,3.189660530264168,4.742222842142501
PreOnset_Benign,391,14.0,29.0,0.0,0.1335758934965571,0.0,0.0,3.6251002286438974
PreOnset_Benign,392,25.0,50.0,0.4969931911932806,0.10503459743999333,0.0,0.22847643153595484,1.9118550954219828
PreOnset_Benign,393,29.0,56.0,0.1686226898691488,2.203960047144375,0.0,0.6096209244388028,3.972044547071731
PreOnset_Benign,394,18.0,37.0,-0.4928970934636658,-1.5051175631763427,0.0,0.8613176372342173,4.972066637279918
PreOnset_Benign,395,19.0,82.0,1.167387852940261,16.331296209344433,0.0,4.3663436440067365,2.394199599261466
PreOnset_Benign,396,22.0,142.0,1.5870370811214003,18.187403768020864,1.0,5.372530520078614,2.5788001767987416
PreOnset_Benign,397,16.0,34.0,-2.6489091644899014,-20.446168234866292,0.0,7.359350678968874,4.067342410004252
PreOnset_Benign,398,39.0,128.0,2.392533260030187,2.444641661548594,0.0,2.4184471224549173,9.451281873689565
PreOnset_Benign,399,12.0,62.0,-1.6187778227438285,1.155156251123289,0.0,-1.3674579778268439,9.744084678648521
PreOnset_Benign,400,42.0,114.0,1.2526256961708195,4.082373893561815,0.0,2.261346156706763,9.780535483241396
PreOnset_Benign,401,18.0,64.0,-1.087888321736444,-4.8856179819818,0.0,2.3054298399785607,4.958652131802425
PreOnset_Benign,402,14.0,45.0,-0.42717748100184366,-0.08573803862961762,0.0,0.1913775309900272,2.6509639188173972
PreOnset_Benign,403,8.0,17.0,-0.6744907594765952,-0.8510326950716992,0.0,0.7576369109529472,4.1797792940969085
PreOnset_Benign,404,12.0,42.0,0.5916585609443817,0.8801165407988605,0.0,0.7216151924622992,4.539744926925441
PreOnset_Benign,405,13.0,33.0,-0.22483025315886504,0.07468826754131379,0.0,-0.1295846522521499,5.166051685696664
PreOnset_Benign,406,26.0,57.0,0.6607256419362566,-0.7578708537045437,0.0,-0.7076331721440943,6.221429976226422
PreOnset_Benign,407,27.0,130.0,2.0097071608894472,5.049495289655379,1.0,3.1855936405163088,7.913816766320961
PreOnset_Benign,408,24.0,82.0,-1.2217191115047763,-3.103304550894944,0.0,1.9471431582315923,5.78551245385728
PreOnset_Benign,409,22.0,154.0,1.9044444973456804,6.4425634222743735,1.0,3.502785242967514,5.239286151055131
PreOnset_Benign,410,19.0,40.0,-2.9015828898238434,-7.819643182998256,0.0,4.76333316746954,3.516114823002806
PreOnset_Benign,411,16.0,31.0,-0.24777211572609623,-0.5012639983206529,0.0,0.35241912746221726,3.134277894990925
PreOnset_Benign,412,22.0,63.0,0.8993210126354603,0.18240959908876192,0.0,0.40502442564237245,4.358268505309138
PreOnset_Benign,413,47.0,234.0,4.707670198795828,11.240820461103242,1.0,7.274481115155233,7.105299883678557
PreOnset_Benign,414,16.0,118.0,-3.1935072693585735,-9.756081836903268,0.0,5.5817665901224975,8.014093749322521
PreOnset_Benign,415,14.0,46.0,-1.8678205647044177,-1.3678170911180865,0.0,1.5983857142581506,4.3640542676544785
PreOnset_Benign,416,32.0,147.0,2.8384819461306714,2.33266373539072,1.0,2.5731738960475043,4.266127658806912
PreOnset_Benign,417,21.0,46.0,-2.620137181043697,-1.5984054576244962,0.0,2.0464705152787097,4.862972765800765
PreOnset_Benign,418,12.0,43.0,-0.07782585686268406,-0.5258874683889392,0.0,0.20230581514310672,4.107010071040847
PreOnset_Benign,419,20.0,66.0,0.6331954068555792,0.69046775657176,0.0,0.6612117754873355,2.6008184119188114
PreOnset_Benign,420,11.0,34.0,-0.9384219262283064,-0.34737822186146805,0.0,0.5709530104036609,5.412048574666309
PreOnset_Benign,421,20.0,37.0,0.08993210126354602,0.21571222587894542,0.0,0.13928192180441162,3.218120827920393
PreOnset_Benign,422,13.0,33.0,-0.12847443037649434,-0.6851591983262233,0.0,0.29669081165782174,3.407661185581799
PreOnset_Benign,423,9.0,84.0,1.5288457214802824,5.695919571070259,0.0,2.9509629387924496,3.038743314798128
PreOnset_Benign,424,33.0,69.0,-0.43052601668718843,-4.864587874629226,0.0,1.4471805832337983,7.1782366532938084
PreOnset_Benign,425,37.0,136.0,1.8829533702054948,2.953011648181839,1.0,2.3580464870735853,5.412413808093324
PreOnset_Benign,426,39.0,237.0,2.5230950632272635,6.546568817803961,2.0,4.06418693778703,6.275076711343134
PreOnset_Benign,427,36.0,252.0,0.3747170885981084,4.6971695125121915,3.0,1.3266912543543674,2.4938427705346364
PreOnset_Benign,428,20.0,84.0,-4.046944556859571,-6.070679140165874,0.0,4.95658167518051,1.717983652892179
PreOnset_Benign,429,13.0,53.0,-0.8363685417509781,-6.597032917958492,0.0,2.3489467430054995,2.945418210897285
PreOnset_Benign,430,34.0,82.0,0.7824092809928505,0.1496938757025886,0.0,0.3422307374528119,4.378787617778478
PreOnset_Benign,431,24.0,187.0,3.147623544224111,15.900833590221787,1.0,7.074591025732279,6.861385895050276
PreOnset_Benign,432,21.0,78.0,-2.827672799344188,-12.649046736985781,0.0,5.980582362597145,7.087841166680965
PreOnset_Benign,433,14.0,43.0,-0.8140405717820977,-0.16336347709497687,0.0,0.3646703968005994,2.7570724389536845
PreOnset_Benign,434,18.0,100.0,1.4507914449119217,11.095246615189888,0.0,4.01209282899903,2.9337584657102367
PreOnset_Benign,435,27.0,229.0,2.7190408741400245,-2.4516793653044604,1.0,-2.5819017031150704,2.985452723820675
PreOnset_Benign,436,37.0,138.0,-1.6367642429965377,-6.417681530847843,0.0,3.2410232416061184,3.8918846218326557
PreOnset_Benign,437,38.0,56.0,-1.365635611779773,-0.5219425475498283,0.0,0.8442649644733002,2.0333125060843087
PreOnset_Benign,438,20.0,54.0,-0.035972840505418414,0.16591780598065173,0.0,-0.07725629276344383,3.7578762050605916
PreOnset_Benign,439,23.0,53.0,-0.0210778362336436,0.36082413407434527,0.0,-0.0872088986696043,5.2608303025000325
PreOnset_Benign,440,25.0,56.0,0.07782585686268406,-0.44861007680223824,0.0,-0.1868514480125019,5.098393513836199
PreOnset_Benign,441,18.0,115.0,1.6242838697599642,3.050213387645616,0.0,2.2258509395012664,6.471433545870536
PreOnset_Benign,442,44.0,162.0,1.0931401963931027,12.01960416188911,1.0,3.6247913669747693,5.079365056005948
PreOnset_Benign,443,33.0,134.0,-0.5246039240373518,-8.64396891747382,0.0,2.1294741166221454,2.66899863027613
PreOnset_Benign,444,31.0,75.0,-1.10541541136442,-3.9374636969934604,0.0,2.086272525904633,2.8042472330542627
PreOnset_Benign,445,20.0,60.0,-0.316167543504654,1.0909808697039596,0.0,-0.5873097492676858,2.0472438803673247
PreOnset_Benign,446,13.0,43.0,-0.3583232159719412,-1.935997338402948,0.0,0.8328942264235375,3.4248475465629955
PreOnset_Benign,447,36.0,52.0,0.2129970819399774,-0.07760915752906222,0.0,-0.12857108572890827,2.630021734591292
PreOnset_Benign,448,15.0,55.0,0.0709990273133258,0.2645193983360785,0.0,0.1370424021511873,4.71761933314909
PreOnset_Benign,449,15.0,35.0,-0.5620756328971627,-0.28637230346549974,0.0,0.40120181170402147,3.4922005850260556
PreOnset_Benign,450,8.0,25.0,-0.23666342437775267,0.14782595552075953,0.0,-0.18704276742353954,3.485524910468591
PreOnset_Benign,451,28.0,114.0,2.106304476961999,2.7505699343126118,0.0,2.4069768937070677,3.6916395780114524
PreOnset_Benign,452,26.0,111.0,-0.06977490615275123,1.3068727382239094,0.0,-0.30197172493987295,2.5181575544415793
PreOnset_Benign,453,26.0,48.0,-1.4404378931195083,-2.774992835156574,0.0,1.9993010861035079,1.7186464537358717
PreOnset_Benign,454,20.0,54.0,0.13054659860837325,0.26939303484378757,0.0,0.18753224892706707,2.779892912724537
PreOnset_Benign,455,19.0,54.0,0.0,-0.3236467757165921,0.0,-0.0,2.104351029443088
PreOnset_Benign,456,19.0,103.0,1.5022748733796893,8.109638075458607,0.0,3.490401912812432,4.312553886612061
PreOnset_Benign,457,13.0,52.0,-1.563592215150289,-7.2579230214966115,0.0,3.3687433761823065,4.2932952687899535
PreOnset_Benign,458,14.0,32.0,-0.729179199434157,-0.8770893388244533,0.0,0.799722015400507,2.503069486507204
PreOnset_Benign,459,37.0,201.0,5.699446917577229,5.794780411039186,1.0,5.746915986138496,5.586443385614838
PreOnset_Benign,460,22.0,129.0,-2.2587597526658074,12.172107820955432,2.0,-5.243459473580666,5.902043308952476
PreOnset_Benign,461,18.0,82.0,-1.4744681718790686,-10.02243257057381,0.0,3.844184937033493,4.068733318878475
PreOnset_Benign,462,23.0,80.0,-0.06274332646293909,-0.7556078239425592,0.0,0.2177368787678812,3.120926946443522
PreOnset_Benign,463,14.0,121.0,1.2290720506017956,1.4962941273672077,0.0,1.3561169903170738,2.6634737442936514
PreOnset_Benign,464,19.0,35.0,-2.035305449648673,-2.348696063491458,0.0,2.1863928964375434,4.118644297013369
PreOnset_Benign,465,16.0,156.0,3.548407908550784,5.654449447063092,1.0,4.479318378554853,5.229429527754289
PreOnset_Benign,466,22.0,325.0,4.956040797893244,32.397935519475695,2.0,12.671443887814688,6.310307966108246
PreOnset_Benign,467,37.0,232.0,-2.7272887231010157,-22.949650534351825,3.0,7.9114046225336585,6.711241553775512
PreOnset_Benign,468,30.0,130.0,-2.116863306665006,-0.8814372297454242,0.0,1.3659729604851412,5.349280958277608
PreOnset_Benign,469,30.0,75.0,-1.0449856836961335,-1.7409221759830564,0.0,1.3487915889163213,5.252053322019751
PreOnset_Benign,470,12.0,34.0,-0.7789893278462086,0.1433891262100524,0.0,-0.3342134034517824,4.28647814499592
PreOnset_Benign,471,20.0,50.0,0.2916716797736628,-0.09187480090800311,0.0,-0.1636987400981086,4.817681848124405
PreOnset_Benign,472,15.0,130.0,1.4389136202167365,2.5020513182272155,0.0,1.8974287128317577,4.27279598532869
PreOnset_Benign,473,20.0,57.0,-1.313008678447772,-2.2829298812353627,0.0,1.7313309176323781,6.561019305197911
PreOnset_Benign,474,22.0,179.0,2.531934543265988,5.3993898176034945,1.0,3.697418233274257,6.7843677398054005
PreOnset_Benign,475,22.0,59.0,-2.4526936708239826,-4.223657883325215,0.0,3.2185926983943736,6.071465511683106
PreOnset_Benign,476,23.0,105.0,0.9546638441822578,2.832927190235474,0.0,1.6445343297476764,4.9345054257648675
PreOnset_Benign,477,57.0,153.0,0.9250158987107592,-0.5845298891467462,0.0,-0.7353226779668759,10.02011798412175
PreOnset_Benign,478,38.0,117.0,-0.6652511600317104,1.3163995272853293,0.0,-0.9358078395652392,6.67240490095066
PreOnset_Benign,479,21.0,63.0,-0.9460389873178219,-1.8701044099997826,0.0,1.3301096504479573,4.857921551942143
PreOnset_Benign,480,26.0,106.0,0.7632395436182524,5.274783040912151,0.0,2.0064702840638056,7.2208308171705795
PreOnset_Benign,481,11.0,98.0,-0.1173027407785383,-1.4913961930259974,0.0,0.41826410439891615,5.574387041711527
PreOnset_Benign,482,29.0,113.0,0.23805556216821008,-2.472538102855694,0.0,-0.7672036548776549,3.871856602835227
PreOnset_Benign,483,42.0,114.0,0.015870370811214007,-0.43556315026782694,0.0,-0.08314173865424598,4.487463706241099
PreOnset_Benign,484,25.0,118.0,0.06274332646293909,2.147533236204494,0.0,0.36707407825831373,7.496794920222336
PreOnset_Benign,485,34.0,153.0,0.6467719611419406,-1.0318888674279487,0.0,-0.8169435638199927,8.374418789769054
PreOnset_Benign,486,37.0,191.0,0.657196124618221,1.0166320438130796,0.0,0.8173901390135908,4.907499889887177
PreOnset_Benign,487,31.0,200.0,0.15368143886808497,-0.8880189376701395,0.0,-0.3694212068672497,3.8313798415899325
PreOnset_Benign,488,25.0,191.0,-0.15565171372536812,0.803148653639187,0.0,-0.35356960321153397,4.7108344382668035
PreOnset_Benign,489,30.0,109.0,-1.455480059923179,-1.1687570464488968,0.0,1.3042632311006386,4.585762693079161
PreOnset_Benign,490,16.0,147.0,0.6834839696029498,1.4400352474222573,0.0,0.9920892133655775,7.212517258348143
PreOnset_Benign,491,19.0,109.0,-0.6834839696029498,-0.586471889249222,0.0,0.6331225275762976,3.2078061210957465
PreOnset_Benign,492,30.0,75.0,-0.611538288592113,-1.0014291310845542,0.0,0.7825677331514092,4.322898680586198
PreOnset_Benign,493,15.0,89.0,0.2421248880172393,0.019119622655909295,0.0,0.0680392276153537,3.9877350594460848
PreOnset_Benign,494,12.0,41.0,-0.8301424732019633,-0.11638676567307624,0.0,0.31083371358947676,3.800187799118129
PreOnset_Benign,495,13.0,42.0,0.017294634858374236,-0.02077779102864296,0.0,-0.018956379111106213,3.27014025852513
PreOnset_Benign,496,13.0,56.0,0.2421248880172393,0.0631889036199442,0.0,0.1236915769683252,3.5484300757502463
PreOnset_Benign,497,21.0,188.0,2.171531225631965,1.9665525641277646,0.0,2.0665019477005213,3.5281022594627474
PreOnset_Benign,498,16.0,52.0,-2.2373352021662667,-1.8841776025759096,0.0,2.0531772639926453,5.114279962874946
PreOnset_Benign,499,27.0,187.0,2.0234722784297854,2.798364600099163,0.0,2.3795825670146242,7.415483999800251
PreOnset_Benign,500,26.0,288.0,1.513857037936358,2.7501488786862214,1.0,2.0404245233215366,3.588969558249305
PreOnset_Benign,501,26.0,84.0,-3.057691442960565,-4.5464338021217054,0.0,3.728483838336195,5.676075548720254
PreOnset_Benign,502,14.0,78.0,-0.09635582278237075,-0.0822984123296853,0.0,0.08905016133455139,4.338851643056371
PreOnset_Benign,503,19.0,42.0,-0.5518560759353961,-0.034572691129044375,0.0,0.1381272951338761,3.7521809066545657
PreOnset_Benign,504,14.0,283.0,3.6943698416786237,3.730835590954417,1.0,3.7125579445287107,5.3338480816676865
PreOnset_Benign,505,80.0,890.0,9.304906613688484,20.33707199004378,2.0,13.756255146776581,24.710986610982747
PreOnset_Benign,506,27.0,175.0,-11.48240221489918,-20.445789752228265,0.0,15.322101080998937,26.46556226642459
PreOnset_Benign,507,33.0,346.0,2.5630648860110616,3.5652529099376475,1.0,3.0229082922262034,24.502855842549227
PreOnset_Benign,508,39.0,130.0,-2.697963037906381,-4.030391240326111,0.0,3.2975516060710106,10.242009487119452
PreOnset_Benign,509,20.0,42.0,-1.0991701265544513,-0.047467676806162686,0.0,0.22841859014159868,5.087106474501507
PreOnset_Benign,510,12.0,41.0,-0.011335979150867146,0.005030984150453955,0.0,-0.007551895883676436,6.674529999109976
PreOnset_Benign,511,34.0,82.0,0.4496605063177302,0.4564390354168277,0.0,0.45303709314879187,9.880833783844132
PreOnset_Benign,512,44.0,81.0,-0.010967329422383662,-0.632382838499067,0.0,0.0832799550364991,7.95251383939541
PreOnset_Benign,513,38.0,365.0,3.1147215559569603,4.906396656736117,1.0,3.909227472124275,5.790543140422915
PreOnset_Benign,514,28.0,139.0,-2.292254310401662,-1.2362548680661962,0.0,1.6833925715886287,5.523583896359632
PreOnset_Benign,515,11.0,27.0,-1.1191550379463506,-2.2672332768293257,0.0,1.5929173060655575,3.8120473719388372
PreOnset_Benign,516,85.0,115.0,0.885898310954334,-0.009327965378831383,0.0,-0.0909045035944162,11.362065714818296
PreOnset_Benign,517,76.0,343.0,2.3125397467768978,2.926319436151924,1.0,2.6013900145628077,5.850251752782029
PreOnset_Benign,518,32.0,59.0,-2.880531965283504,-2.897218606586005,0.0,2.888863237795296,8.868082073640254
PreOnset_Benign,519,44.0,98.0,0.5010502784683278,0.2315292818424005,0.0,0.3405991942748936,7.513114021598223
PreOnset_Benign,520,34.0,201.0,1.3489815189531904,38.77836137412921,0.0,7.2326546183948635,19.331462639369448
PreOnset_Benign,521,21.0,223.0,0.2881319749220407,-37.56773760454662,0.0,-3.290055687879923,19.627653337300487
PreOnset_Benign,522,69.0,152.0,-0.9298804645211313,-1.3141109729721472,0.0,1.105425765024344,19.99833081857935
PreOnset_Benign,523,49.0,315.0,1.704527035576512,6.170660149154745,1.0,3.2431554158857168,14.196491998465348
PreOnset_Benign,524,53.0,211.0,-0.9415709930948443,-5.343699091791926,0.0,2.2430943048963727,10.59622332128345
PreOnset_Benign,525,27.0,45.0,-1.4447156912659975,-0.6393921600267747,0.0,0.9611138779890451,6.649219438360306
PreOnset_Benign,526,18.0,54.0,0.07832795916502396,1.4853337747405773,0.0,0.3410911362881053,4.790042514915289
PreOnset_Benign,527,25.0,333.0,2.3972346738085357,6.422217114028781,0.0,3.923717822228859,5.468744384328583
PreOnset_Benign,528,20.0,86.0,-2.0441621790272273,-6.370310800578307,0.0,3.608593688293382,9.189033207785503
PreOnset_Benign,529,53.0,402.0,2.715147515854829,2.7294513858498437,1.0,2.722290056172693,9.99844048271175
PreOnset_Benign,530,27.0,62.0,-2.713927316237188,-3.3063076983034048,0.0,2.9955097693566137,11.341237336621573
PreOnset_Benign,531,31.0,114.0,0.44966050631773014,0.33441828036086707,0.0,0.38778175984562774,6.513268250634865
PreOnset_Benign,532,30.0,203.0,0.7696112511976535,1.6006335597550763,0.0,1.1098944078749375,2.3122735676641875
PreOnset_Benign,533,17.0,47.0,-1.3403892799789663,-1.2754713099972925,0.0,1.3075274646603412,5.185573774388779
PreOnset_Benign,534,19.0,50.0,0.02577671692267243,-0.28957811667720995,0.0,-0.08639660375610288,2.485267349865618
PreOnset_Benign,535,31.0,126.0,0.6700823231401469,4.2821018131262285,0.0,1.6939187497817771,2.856007108854103
PreOnset_Benign,536,11.0,25.0,-0.9461606487102239,-4.2301743950118444,0.0,2.000606045612625,7.360396529545697
PreOnset_Benign,537,29.0,304.0,2.747195940057957,7.102350150299999,0.0,4.417187736306232,9.365967663094219
PreOnset_Benign,538,21.0,46.0,-2.540417751021337,-6.980886537741434,0.0,4.2112193101694695,9.404625729425982
PreOnset_Benign,539,22.0,93.0,0.5239845569487599,0.4936503750426616,0.0,0.5085913615608489,6.570101507713885
PreOnset_Benign,540,42.0,112.0,0.2153836038664758,1.7082309247995793,0.0,0.6065681600772466,5.819633263154628
PreOnset_Benign,541,36.0,108.0,-0.04182888430862606,97.80176454649099,0.0,-2.0226069055539826,688.1064993538563
PreOnset_Benign,542,8.0,38.0,-0.7320054754009561,-93.85583973449079,0.0,8.288726596046095,688.341175635611
PreOnset_Benign,543,24.0,41.0,0.03042815456285392,-0.039908884534624246,0.0,-0.03484757820926208,568.4851608246606
PreOnset_Benign,544,38.0,86.0,0.4779855775818391,0.004973646072838991,0.0,0.04875788234545868,104.43760210579441
PreOnset_Benign,545,36.0,223.0,1.6354908681113902,4.577024298917369,0.0,2.7359973399115898,104.31638553452729
PreOnset_Benign,546,37.0,76.0,-1.5614195534340076,-4.241452504683466,0.0,2.5734581550463203,106.82382457320986
PreOnset_Benign,547,19.0,135.0,0.704335483347241,3.457068591010674,0.0,1.560428171052442,129.51076516802786
PreOnset_Benign,548,30.0,51.0,-1.0395820880006237,-3.4196644723803598,0.0,1.8854765796632758,125.54024947494695
PreOnset_Benign,549,23.0,123.0,0.8910703611433918,2.0362485987039602,0.0,1.3470117943896645,5.680713667149206
PreOnset_Benign,550,31.0,126.0,0.03290198826715099,2.3900481023663143,0.0,0.28042349156585106,5.421275123171896
PreOnset_Benign,551,19.0,75.0,-0.5781349366942244,-3.3566595457456163,0.0,1.3930549716302318,4.339120144204975
PreOnset_Benign,552,23.0,241.0,2.239309321462296,9.01104298793354,0.0,4.492049928370903,5.638329304932718
PreOnset_Benign,553,21.0,94.0,-1.98300283286119,329.47771398042386,0.0,-25.56081454468557,9774.191776941274
PreOnset_Benign,554,43.0,105.0,0.1766523417676797,-336.3011696051486,0.0,-7.707683773349755,9774.331016297547
PreOnset_Benign,555,18.0,47.0,-0.9659373839417906,-0.07604978385242103,0.0,0.27103381572000607,8078.325269328816
PreOnset_Benign,556,30.0,114.0,1.115824219381034,1.552632196788467,0.0,1.316231214098553,1482.0921245528623
PreOnset_Benign,557,17.0,55.0,-1.090272734496414,-1.4556841822254103,0.0,1.2597987037293197,1477.7847209780825
PreOnset_Benign,558,23.0,45.0,-0.18999739703566063,0.18385360570991346,0.0,-0.18690025821411865,1510.0145550743566
PreOnset_Benign,559,29.0,63.0,0.30352084176446786,-0.020273436420867486,0.0,-0.07844367716980202,1828.329566489208
PreOnset_Benign,560,15.0,122.0,1.090272734496414,8.740075465850811,0.0,3.086918524654997,1780.2063089304634
PreOnset_Benign,561,21.0,73.0,-0.9309872454747371,34.35413601212546,0.0,-5.655374652186462,35.737998705805246
PreOnset_Benign,562,34.0,80.0,0.12935439222838813,-39.310538910194936,0.0,-2.2549924321156087,36.35998699846866
PreOnset_Benign,563,20.0,58.0,-0.4301100495213071,2.298978192932974,0.0,-0.9943910822261062,30.907909864306014
PreOnset_Benign,564,62.0,333.0,5.707229503263497,3.8855196845794335,1.0,4.709092543085432,13.553529319007842
PreOnset_Benign,565,23.0,90.0,-4.820625133906254,0.6106632881732927,0.0,-1.7157443851932062,10.496202021277602
PreOnset_Benign,566,17.0,53.0,-0.7449599433025081,-3.9372933902584446,0.0,1.7126371071456645,9.784330369594
PreOnset_Benign,567,26.0,115.0,1.2483112563447434,1.8769964870412408,0.0,1.530710894615022,6.801742574940588
PreOnset_Benign,568,18.0,67.0,-1.0277954430119547,-1.6723225740299799,0.0,1.31103223485696,9.018777012858438
PreOnset_Benign,569,25.0,78.0,0.26032976681552794,-0.13837268343991302,0.0,-0.18979601790751938,2.8222272133932313
PreOnset_Benign,570,17.0,48.0,-0.6859228062473849,0.04144739817350606,0.0,-0.16861113743410905,3.33653490602449
PreOnset_Benign,571,17.0,74.0,0.615324903382157,3.539785499010205,0.0,1.4758449004458478,2.2999414881967577
PreOnset_Benign,572,36.0,200.0,3.147623544224111,-1.8534543399856405,1.0,-2.4153626060455524,3.509038090964946
PreOnset_Benign,573,14.0,40.0,-3.9969822783798232,-0.939903304361878,0.0,1.9382406586709153,4.965360411004917
PreOnset_Benign,574,12.0,33.0,-0.17486797467911727,-0.051625416475845044,0.0,0.09501385173277081,2.534521105174463
PreOnset_Benign,575,21.0,42.0,0.2129970819399774,0.12855667346421337,0.0,0.16547566682684187,1.744467127650442
PreOnset_Benign,576,26.0,46.0,0.09635582278237075,-0.21001710858095732,0.0,-0.14225460026196915,2.526798761337083
PreOnset_Benign,577,26.0,89.0,1.0358250949104855,0.3170740717683534,0.0,0.573090987961867,2.5976344595618155
PreOnset_Benign,578,16.0,40.0,-1.2240758227538209,0.30040596436724026,0.0,-0.6063989429352468,3.435601186167345
PreOnset_Benign,579,37.0,194.0,3.7096991771212737,4.591913983823636,1.0,4.127301724759436,6.745117600578495
PreOnset_Benign,580,17.0,53.0,-3.3965427530785686,-5.046494055332149,0.0,4.140124733880912,5.873097896171916
PreOnset_Benign,581,44.0,91.0,0.9857941869273316,-0.5891845524970265,0.0,-0.7621120041561804,13.31936684685696
PreOnset_Benign,582,18.0,55.0,-0.9339102823522089,3.3438907768200803,0.0,-1.767171180031801,13.179440667975367
PreOnset_Benign,583,35.0,226.0,5.126129772022123,27.972570525419048,1.0,11.974599223787788,9.893690936229207
Attack_Block4,0,27.0,97.0,0.0,0.0,0.0,0.0,0.0
Attack_Block4,1,39.0,348.0,50.2,73.2834,0.0,60.65333197772403,7.227740328294676
Attack_Block4,2,53.0,191.0,-31.4,-62.4,0.0,44.264658588991736,5.072298706996399
Attack_Block4,3,11.0,30.0,-32.2,-19.417600000000004,0.0,25.004933913130028,5.640554308069285
Attack_Block4,4,13.0,45.0,3.0,-0.17409999999999992,0.0,-0.722703258606186,4.090897169640336
Attack_Block4,5,20.0,60.0,0.15100539391267057,3.7669568845892156,0.0,0.7542087298682247,5.460858088041516
Attack_Block4,6,25.0,48.0,-0.1974119296029059,-2.251650296816534,0.0,0.6667103043192807,4.926424146724089
Attack_Block4,7,15.0,57.0,0.20234722784297857,6.830602457860346,0.0,1.1756502336347647,9.43573512379327
Attack_Block4,8,14.0,50.0,-0.22483025315886507,-2.074343441595327,0.0,0.6829166575156216,6.189646260040475
Attack_Block4,9,15.0,85.0,1.9672647151400693,94.04324024728767,0.0,13.601762688560976,4578.684680433539
Attack_Block4,10,30.0,146.0,2.0571968164036156,-57.441394828130726,1.0,-10.870522276791196,4574.8266881775635
Attack_Block4,11,28.0,109.0,-0.998246324025361,0.33882550329873656,0.0,-0.5815765754859858,3779.94191638774
Attack_Block4,12,25.0,90.0,-0.4928970934636658,-0.8930329298380681,0.0,0.6634556017432708,695.6596367866065
Attack_Block4,13,47.0,139.0,0.9442870632672332,3.257117161968949,0.0,1.7537541445690055,685.5645120871125
Attack_Block4,14,20.0,68.0,-1.243866075917877,-2.664991712470215,0.0,1.8206847019031027,715.7302207965721
Attack_Block4,15,14.0,58.0,-0.1927116455647415,-0.0958980347490107,0.0,0.13594362097173449,850.3738225340662
Attack_Block4,16,30.0,113.0,1.3489815189531904,0.3552830407080239,0.0,0.692293475278092,834.6811911948336
Attack_Block4,17,27.0,203.0,2.1680060126033416,2.0239620567601984,1.0,2.0947462634737257,5.4480825011147935
Attack_Block4,18,40.0,109.0,-1.8647685703176455,-1.7900526629043843,0.0,1.8270287203537614,9.038664511705745
Attack_Block4,19,34.0,76.0,-0.6744907594765952,-0.11722028041208585,0.0,0.28118320711096395,3.5783292877932356
Attack_Block4,20,23.0,92.0,0.35972840505418413,0.2328500038546808,0.0,0.28941796852217894,2.7479606267234233
Attack_Block4,21,21.0,68.0,-0.5058680696074465,-0.27361004679905315,0.0,0.3720357324228952,4.6505899268574495
Attack_Block4,22,31.0,124.0,1.325315176515415,1.1864462047278959,0.0,1.2539597925152925,4.152500219719556
Attack_Block4,23,18.0,42.0,-1.7283825711587752,-0.7227230400304311,0.0,1.1176501716384617,6.968410403810931
Attack_Block4,24,24.0,177.0,3.0352084176446787,1.512418101034577,1.0,2.142546184159942,5.648966535003532
Attack_Block4,25,19.0,46.0,-2.677523923982848,-1.2982896378202289,0.0,1.8644574453504401,5.95623307299251
Attack_Block4,26,32.0,60.0,0.2818767353036517,-0.0748638517349068,0.0,-0.1452665760568898,3.7087465860419195
Attack_Block4,27,20.0,39.0,-0.5058680696074463,0.015863928793488354,0.0,-0.08958267151158163,3.053978302332727
Attack_Block4,28,23.0,60.0,0.4496605063177302,0.3459955142938528,0.0,0.39443696345682067,2.332228765503613
Attack_Block4,29,37.0,121.0,1.371464544269077,0.04401584985890341,0.0,0.24569529394629658,2.618974153375443
Attack_Block4,30,26.0,63.0,-1.2419194936394453,-0.08775095848236568,0.0,0.3301206232951761,2.984717876966275
Attack_Block4,31,16.0,40.0,-0.5854070742627052,-0.513532907142763,0.0,0.5482935315212705,2.338568948098717
Attack_Block4,32,36.0,70.0,0.8610520333743769,0.22409882194201947,0.0,0.43927297470932386,3.3926059014056076
Attack_Block4,33,32.0,55.0,-0.44966050631773014,0.16935796859658414,0.0,-0.275959399021092,2.2916174468822663
Attack_Block4,34,33.0,91.0,1.1037121518707922,-0.07075156430922562,0.0,-0.27944473745619214,4.396135860730573
Attack_Block4,35,24.0,54.0,-1.1607515395643733,0.47121591030939475,0.0,-0.7395705465733865,3.7046523411285337
Attack_Block4,36,20.0,41.0,-0.4078316220091041,-0.3775757732391677,0.0,0.3924122067819392,2.0939300374322647
Attack_Block4,37,38.0,62.0,0.6295247088448221,-0.30725566030940726,0.0,-0.43980112562066415,3.7463983775795935
Attack_Block4,38,16.0,78.0,0.4796378734055788,0.7863738931725717,0.0,0.6141455054162313,4.538314044123274
Attack_Block4,39,25.0,76.0,-0.0709990273133258,0.16860519555560566,0.0,-0.10941117348982729,2.8992647127637925
Attack_Block4,40,15.0,33.0,-1.5264790872365048,119.64406868204469,0.0,-13.5142209821739,437.7208876809944
Attack_Block4,41,21.0,67.0,1.0192304809868549,-119.89104621617973,0.0,-11.054257492067666,437.71506480471453
Attack_Block4,42,17.0,84.0,0.5211974050500963,2.184054591608233,0.0,1.066922483423214,361.7230723085063
Attack_Block4,43,14.0,237.0,5.431425589469424,32.44877568350815,1.0,13.275658574788649,63.757665668157614
Attack_Block4,44,36.0,54.0,-6.496410999169312,-35.7322898518951,0.0,15.235866920505618,69.51627413064331
Attack_Block4,45,18.0,102.0,1.7039766555198195,27.900773516357678,0.0,6.8950900460268905,63.63869941824939
Attack_Block4,46,35.0,114.0,0.3597284050541841,-19.91131988987378,0.0,-2.676316002737335,85.27249983615967
Attack_Block4,47,37.0,90.0,-0.7194568101083681,-3.0829551600185723,0.0,1.4893129574183177,78.36566447212533
Attack_Block4,48,13.0,39.0,-1.5999548248049469,-0.15892842006456212,0.0,0.5042601436569457,3.6488001995769666
Attack_Block4,49,14.0,47.0,0.24526936708239827,-0.2975638051876488,0.0,-0.2701541896121633,4.179022071569419
Attack_Block4,50,18.0,73.0,0.8350837974472131,-0.10312852903844442,0.0,-0.29346373482011257,3.679801061384547
Attack_Block4,51,12.0,39.0,-1.2069834643265387,-0.3940563552154323,0.0,0.6896517271477043,4.358509858565957
Attack_Block4,52,12.0,40.0,0.032118607594123584,0.6409929240255151,0.0,0.1434844946235843,2.262734542304761
Attack_Block4,53,13.0,48.0,0.2767141577339878,-0.40525243504183694,0.0,-0.3348717459449953,3.192233228372515
Attack_Block4,54,13.0,33.0,-0.5468843995756177,-0.9255549141906547,0.0,0.7114573378084019,3.128317225503417
Attack_Block4,55,20.0,61.0,1.02085087920782,3.820645369101308,0.0,1.9749200450115332,2.5986836437290264
Attack_Block4,56,22.0,52.0,-0.32813063974537066,-2.8867919409116634,0.0,0.9732650648118036,2.416621146512821
Attack_Block4,57,16.0,52.0,0.0,0.5965802265221425,0.0,0.0,2.3468959838853785
Attack_Block4,58,14.0,38.0,-0.5722951898589292,-1.4773592371990527,0.0,0.9195029011061764,5.336624953663769
Attack_Block4,59,16.0,50.0,0.44966050631773014,0.4425620154649331,0.0,0.446097141832311,4.397373001582073
Attack_Block4,60,28.0,118.0,3.0576914429605653,2.817383554176106,1.0,2.935079144612987,3.7881891391218327
Attack_Block4,61,22.0,111.0,-0.30460873008620426,16.907203658585992,2.0,-2.269379174080591,6.09797931551392
Attack_Block4,62,25.0,121.0,0.3747170885981084,-11.846934063888376,3.0,-2.106952453482045,5.388470326528739
Attack_Block4,63,21.0,100.0,-0.7656381594058649,28.191753005144758,0.0,-4.645931755986499,8.99485901670971
Attack_Block4,64,13.0,33.0,-2.0541309493150854,-27.489144525480565,0.0,7.514406333169972,7.148399131621288
Attack_Block4,65,10.0,69.0,1.3125225589814826,2.6656269447529857,0.0,1.8704800182886692,6.470365041947441
Attack_Block4,66,12.0,60.0,-0.27592803796769805,-1.6582902945491633,0.0,0.676438310088826,3.4214449245769396
Attack_Block4,67,26.0,75.0,0.45988006327949676,-0.2621562055356237,0.0,-0.34721810492950306,3.5279553663170287
Attack_Block4,68,17.0,64.0,-0.3372453797382976,0.7982609221093266,0.0,-0.5188543223362445,2.295654356238623
Attack_Block4,69,15.0,30.0,-1.0423948101001925,-1.2450791287287013,0.0,1.1392383516854003,3.397735294153012
Attack_Block4,70,30.0,69.0,1.2234948660273122,-0.10394095315179899,0.0,-0.35661074374058255,4.264493034820138
Attack_Block4,71,10.0,32.0,-1.134370822756092,-0.010843049916368268,0.0,0.11090554293999938,3.7295184008028492
Attack_Block4,72,27.0,157.0,3.921457903933693,2.908381356059223,1.0,3.3771430316721607,6.255855667526102
Attack_Block4,73,27.0,92.0,-2.0391581100455203,0.734808237108132,0.0,-1.2240874870806004,4.85033357025968
Attack_Block4,74,14.0,68.0,-0.7529199175552691,-3.3850471733658645,0.0,1.5964552730005697,4.6585805744148825
Attack_Block4,75,15.0,71.0,0.0861052033374377,1.4037387926929517,0.0,0.3476625003900707,6.7996891536670185
Attack_Block4,76,15.0,44.0,-0.7917935002551336,-1.8258330318914961,0.0,1.202365471561293,5.566290600649135
Attack_Block4,77,20.0,241.0,7.182415114426447,244.5126623912472,1.0,41.906937874623395,212.28586413373094
Attack_Block4,78,45.0,140.0,-3.682354957142493,-227.42233238053637,2.0,28.93872410812847,212.30235275189733
Attack_Block4,79,31.0,84.0,-1.8425113429604552,0.2674384394579757,0.0,-0.7019674908747293,174.36814923643342
Attack_Block4,80,21.0,51.0,-0.9274247942803183,0.8496937930508761,0.0,-0.887708900046334,31.976710200228002
Attack_Block4,81,8.0,27.0,-0.7358081012471948,-1.1976114150519994,0.0,0.9387290244481513,32.28942336392059
Attack_Block4,82,18.0,54.0,0.8277841139030941,0.22287387320474425,0.0,0.4295246810637775,32.63511073955249
Attack_Block4,83,31.0,148.0,3.1701065695399975,7.64096934909214,1.0,4.921654917932662,41.31502984326546
Attack_Block4,84,20.0,120.0,-0.7869058860560277,1.7020833363778196,0.0,-1.1573155991144282,38.37264566789724
Attack_Block4,85,12.0,41.0,-2.2201987499437923,-6.8640652390672265,0.0,3.903791626522821,3.633501811376968
Attack_Block4,86,16.0,55.0,0.36318733202585896,-0.015940175409410166,0.0,-0.07608725109351686,3.585610861195004
Attack_Block4,87,24.0,65.0,0.25941952287561354,0.23573603633473142,0.0,0.2472944198127898,2.935618059176927
Attack_Block4,88,15.0,35.0,-0.7782585686268406,-0.48713324850928014,0.0,0.6157236593760024,3.105971157660697
Attack_Block4,89,18.0,61.0,0.6744907594765952,0.6212576415982615,0.0,0.64732722676576,1.6783791676186184
Attack_Block4,90,15.0,41.0,-0.5188390457512271,-0.004112567692295808,0.0,0.046192647651526565,2.632039906829794
Attack_Block4,91,11.0,46.0,0.13225309009345004,-0.27861246736474654,0.0,-0.1919566611179415,2.505354382889549
Attack_Block4,92,29.0,157.0,3.403112468268276,11.32217659975283,1.0,6.2073054020689336,5.510861668241454
Attack_Block4,93,36.0,141.0,-0.49053873416479654,-5.870623358651523,2.0,1.6969879643389356,3.11626308664421
Attack_Block4,94,42.0,385.0,7.480715696013148,41.95074265801156,3.0,17.715009993257002,12.010758875717011
Attack_Block4,95,40.0,150.0,-6.604388686541661,-33.46502955273316,4.0,14.866608980290469,8.438440796142979
Attack_Block4,96,12.0,92.0,-1.5341358450840203,-2.927117252154741,0.0,2.119102522129222,5.405982866650095
Attack_Block4,97,14.0,37.0,-1.4268073758158746,-0.681605697763318,0.0,0.98616430525893,3.113718271621416
Attack_Block4,98,14.0,65.0,0.7406173045233202,0.9225226178503914,0.0,0.8265810393386446,3.917908928903173
Attack_Block4,99,32.0,218.0,4.046944556859571,52.355922655600224,1.0,14.556150459872349,7.938220954109915
Attack_Block4,100,26.0,77.0,-3.4582980758618156,-44.13191395273408,0.0,12.35399988290592,11.333917350006473
Attack_Block4,101,26.0,151.0,1.75130934039537,12.708046541295397,0.0,4.717596910075055,7.781916601124772
Attack_Block4,102,18.0,87.0,-1.308103291106124,9.874900891126408,0.0,-3.5940771214637635,4.3122866712927115
Attack_Block4,103,1030.0,2374.0,48.97017037850709,-6.999301155097238,1.0,-18.513696824124384,105.99872899012071
Attack_Block4,104,26.0,94.0,-46.60117974565567,-11.545122507130671,0.0,23.19517900643173,104.80959359839173
Attack_Block4,105,21.0,108.0,0.23906001601702107,1.938867754732399,0.0,0.6808125707573363,68.91847742775593
Attack_Block4,106,49.0,90.0,-0.2823449690832259,-2.4349156564106837,0.0,0.8291478672284801,12.409873449522333
Attack_Block4,107,26.0,153.0,0.9442870632672332,0.8782461882383824,0.0,0.9106681689382053,14.378488115299808
Attack_Block4,108,28.0,181.0,0.41968313922988143,28.894098268500784,0.0,3.4822931907783254,12.976159857922996
Attack_Block4,109,26.0,81.0,-1.4988683543924337,-21.57796666186271,0.0,5.687049444272571,16.735314387015894
Attack_Block4,110,30.0,178.0,1.4539023037606607,1.953403271367101,0.0,1.6852470194052382,15.833451046855881
Attack_Block4,111,51.0,208.0,0.40469445568595713,-0.7422275086747641,0.0,-0.5480651034487396,7.14192615215859
Attack_Block4,112,20.0,65.0,-1.9290435721030623,-1.0628993170573995,0.0,1.4319144860508646,8.061316175442514
Attack_Block4,113,22.0,64.0,-0.013489815189531905,0.28521692885602157,0.0,-0.062028410097257854,3.9134735393133164
Attack_Block4,114,20.0,94.0,0.4259941638799549,-0.2628180874549638,0.0,-0.3346027068299152,2.659810943481609
Attack_Block4,115,43.0,147.0,0.7525896895212537,0.21629308266463476,0.0,0.40345996570684967,2.644296807125431
Attack_Block4,116,27.0,79.0,-0.9655867714612311,0.6021875225523301,0.0,-0.762538068371371,3.255811522337452
Attack_Block4,117,13.0,43.0,-0.5111929966559459,-1.0791425360035254,0.0,0.7427315173052367,3.5030858420296607
Attack_Block4,118,16.0,46.0,0.04129535262101604,0.543016935181228,0.0,0.1497467055313479,1.9149590409033839
Attack_Block4,119,31.0,209.0,2.314568290414422,1.733520741788538,0.0,2.0030856546137605,2.764184113993758
Attack_Block4,120,30.0,88.0,-1.648755189831677,-1.411365149913932,0.0,1.525449315994523,5.750904279663978
Attack_Block4,121,44.0,268.0,2.529340348037232,4.492084510209132,1.0,3.3707581637467,7.283414048720091
Attack_Block4,122,29.0,63.0,-2.9109601198463584,-4.127343620877817,0.0,3.466198592302177,6.369829679045873
Attack_Block4,123,14.0,46.0,-0.24139669286530777,0.244605222574117,0.0,-0.24299566207439663,4.634097809883022
Attack_Block4,124,7.0,29.0,-0.24396474278940677,-0.024640056220170656,0.0,0.07753260590274556,3.645235558221284
Attack_Block4,125,35.0,82.0,0.7944002278279899,-0.16596839062827834,0.0,-0.36310511883936464,6.356288078641926
Attack_Block4,126,30.0,289.0,4.046944556859572,21.193488543399337,1.0,9.26114858435905,10.589517699735856
Attack_Block4,127,20.0,94.0,-3.0587371650682806,-5.180541366967327,0.0,3.98069270533617,6.628239800365249
Attack_Block4,128,44.0,123.0,0.521606187328567,-8.245821954766038,0.0,-2.073902541397668,5.7303420230228
Attack_Block4,129,15.0,36.0,-1.4855872423914882,-1.8036744338340553,0.0,1.6369226396905758,7.03021362602218
Attack_Block4,130,12.0,55.0,0.33286556961182623,1.0220896743451313,0.0,0.5832824887181666,4.280454721763181
Attack_Block4,131,24.0,233.0,2.8929965105261193,1.9196901135990043,1.0,2.356619782640681,4.307555266777217
Attack_Block4,132,17.0,56.0,-2.876743721141141,-2.479999255255015,0.0,2.6710152163530574,6.793228947177236
Attack_Block4,133,19.0,169.0,1.8365652005025364,6.763003961805377,0.0,3.5243010267445287,4.066352896606041
Attack_Block4,134,21.0,73.0,-1.560267780957907,-6.667243300760719,0.0,3.2253193500775077,4.127379615339481
Attack_Block4,135,22.0,117.0,0.770846582258966,0.08986914798900275,0.0,0.2632020622598691,3.003060996881914
Attack_Block4,136,27.0,85.0,-0.560615696188339,-0.526212236063787,0.0,0.5431416381237241,3.6314858064222504
Attack_Block4,137,18.0,42.0,-0.7533273417530804,-0.017125272826252175,0.0,0.1135822884740258,3.238532982801335
Attack_Block4,138,36.0,79.0,0.6654975493502406,1.068203904172142,0.0,0.8431411983961642,6.923865653015336
Attack_Block4,139,17.0,50.0,-0.5509924514034158,-0.35827631345462185,0.0,0.4443056878210549,5.683882268252031
Attack_Block4,140,14.0,90.0,0.782018271856922,1.4629244013584723,0.0,1.0695950692704574,3.264541990506535
Attack_Block4,141,13.0,42.0,-0.9961709678423559,2.085355692355319,0.0,-1.4413087102869964,4.733375456012273
Attack_Block4,142,14.0,95.0,1.1531616210406304,-2.284563475005964,0.0,-1.623105332443983,5.567207607278467
Attack_Block4,143,48.0,315.0,4.565783602610798,13.436493863200516,1.0,7.832504283891681,7.598222573753232
Attack_Block4,144,28.0,148.0,-3.1729565304955325,-4.689582029458118,0.0,3.857439555672082,6.006303335647335
Attack_Block4,145,21.0,135.0,-0.23382346328521966,-6.906379543978308,0.0,1.2707767639263805,5.258391541990356
Attack_Block4,146,17.0,75.0,-1.0791852151625523,-0.3794447843165275,0.0,0.6399149952962033,2.6211214758609627
Attack_Block4,147,29.0,130.0,0.9892531138990063,0.18492366649692332,0.0,0.42771054805288905,4.937488444673013
Attack_Block4,148,26.0,87.0,-0.7533273417530804,0.04128583566234064,0.0,-0.17635687917278872,3.3805905581005593
Attack_Block4,149,10.0,31.0,-1.034835137827105,-0.45401983735905166,0.0,0.685445607593844,4.540834542534067
Attack_Block4,150,32.0,79.0,0.887001546708947,0.8325880363891055,0.0,0.8593642278152505,6.141546860962958
Attack_Block4,151,12.0,41.0,-0.7219901087355104,-0.19083595631276262,0.0,0.37118953763393786,7.318730336660225
Attack_Block4,152,1011.0,2120.0,39.500458843713844,0.19104786863619497,1.0,2.747085450480794,103.70550155081133
Attack_Block4,153,11.0,50.0,-36.26482784718317,10.651031408852706,0.0,-19.653442966487685,103.95964969811622
Attack_Block4,154,18.0,95.0,0.8315639500396379,-8.376493107159758,0.0,-2.6392403633753347,68.3949228163294
Attack_Block4,155,41.0,114.0,0.35598123416820304,0.0006458544083700722,0.0,0.015162850964925855,12.141519822757068
Attack_Block4,156,13.0,62.0,-0.960918342268026,0.7708525863916768,0.0,-0.8606546284361168,14.898617484732883
Attack_Block4,157,11.0,38.0,-0.4832172605205458,-1.531744316615488,0.0,0.860328595649855,12.832969423894205
Attack_Block4,158,9.0,48.0,0.20134052521689408,0.7602364298638405,0.0,0.39123701521942184,14.654216707630782
Attack_Block4,159,19.0,71.0,0.47009962024126334,-0.8577680374164997,0.0,-0.6350089988689848,15.2480862827998
Attack_Block4,160,22.0,76.0,0.11241512657943255,0.6340410873927588,0.0,0.26697529678945586,3.800997589722471
Attack_Block4,161,33.0,126.0,1.1241512657943253,0.01970286362453797,0.0,0.14882539797795713,4.912356261356168
Attack_Block4,162,21.0,91.0,-0.7869058860560278,1.4974165709078129,0.0,-1.085507214865563,4.579510141464393
Attack_Block4,163,11.0,54.0,-0.7798799406448133,-1.8264179434745131,0.0,1.1934767351521878,3.547078717610053
Attack_Block4,164,15.0,206.0,3.5352619117393957,27.341223674662903,1.0,9.831499716593761,5.883423909406698
Attack_Block4,165,38.0,313.0,2.2553284769998654,-6.328538580931366,2.0,-3.7779535835378955,3.3378186793837092
Attack_Block4,166,1008.0,2099.0,37.64501551328747,-11.047006614580148,3.0,-20.392761837996808,98.8332010041348
Attack_Block4,167,16.0,81.0,-40.033010371287325,-1.0859207961751116,0.0,6.593381415910567,100.24049142153598
Attack_Block4,168,13.0,53.0,-0.5554629783924901,0.516712066477173,0.0,-0.5357372708863449,66.34925395912855
Attack_Block4,169,17.0,61.0,0.15870370811214005,-1.5465117907742527,0.0,-0.49541614410010903,14.10937029021394
Attack_Block4,170,26.0,62.0,0.020753561830049082,0.6841878497431596,0.0,0.1191609619087266,12.167528989515858
Attack_Block4,171,15.0,47.0,-0.32636649652093314,-0.3114362780992741,0.0,0.3188140005909074,15.293269136508073
Attack_Block4,172,12.0,90.0,0.9355839566933417,55.934562807818324,0.0,7.234050012797182,21.29899395999003
Attack_Block4,173,15.0,70.0,-0.4351553286945775,-54.980715452263546,0.0,4.891334307169443,22.574397280328647
Attack_Block4,174,16.0,105.0,0.9079683300646475,4.987393974289856,0.0,2.1280027674348654,14.217413001132703
Attack_Block4,175,26.0,288.0,4.747377268623728,23.634507556452828,1.0,10.592540957136766,5.7308020694786475
Attack_Block4,176,49.0,101.0,-4.851145077773974,-23.58543068797573,0.0,10.696557670070904,6.202065273976036
Attack_Block4,177,24.0,62.0,-0.9926467780976307,3.996586692021457,0.0,-1.9917828453983049,5.41442028430718
Attack_Block4,178,11.0,32.0,-0.843113449345744,-3.4402116220390435,0.0,1.7030821140322785,5.657052840842184
Attack_Block4,179,11.0,44.0,0.3303628209681283,0.19031159125485025,0.0,0.25074264525581946,5.522859559809869
Attack_Block4,180,10.0,37.0,-0.1927116455647415,1.2005463719927774,0.0,-0.4809981984618117,4.747003544945416
Attack_Block4,181,1021.0,4152.0,115.64706146859122,-0.7275823669617659,1.0,-9.172936428183204,116.56541185538275
Attack_Block4,182,40.0,260.0,-100.9660783031888,6.502745673269358,2.0,-25.623362949328804,114.44029141127831
Attack_Block4,183,21.0,119.0,-3.6578152725461512,-2.42967531378547,0.0,2.981158075327918,74.48034252810122
Attack_Block4,184,28.0,116.0,-0.0709990273133258,-1.8539965226759707,0.0,0.36281117644345284,13.035754229359505
Attack_Block4,185,15.0,112.0,-0.0870310657389155,1.8792674793092297,0.0,-0.4044189060031289,15.10306066204066
Attack_Block4,186,37.0,129.0,0.3698820293903909,-0.3020420961654181,0.0,-0.33424533428455283,13.128261894072752
Attack_Block4,187,60.0,363.0,4.782752658106766,3.9913462146031704,1.0,4.369167165183508,12.40900636330605
Attack_Block4,188,22.0,74.0,-5.4146619302426675,-4.742219019980482,0.0,5.06729837214674,23.353204407516433
Attack_Block4,189,17.0,71.0,-0.062260685490147245,1.2557553797392136,0.0,-0.27961436077301827,4.041242739761057
Attack_Block4,190,15.0,98.0,0.5603461694113252,-1.6299814371518246,0.0,-0.955695482106927,2.8865253480079267
Attack_Block4,191,27.0,132.0,0.6949298734001285,2.6979496620534587,0.0,1.3692646994247422,6.24732130467381
Attack_Block4,192,24.0,70.0,-1.2299537378690852,-2.2766591154032034,0.0,1.673375447663762,7.005640042678522
Attack_Block4,193,21.0,60.0,-0.19837963514017504,-0.37391867157060044,0.0,0.27235610813468947,5.402105305744835
Attack_Block4,194,29.0,81.0,0.4228151029554776,0.12322628308994439,0.0,0.22825847973623165,4.485969397049975
Attack_Block4,195,14.0,46.0,-0.8283219853221344,0.14608489540086966,0.0,-0.3478582047099431,4.21809721814825
Attack_Block4,196,16.0,64.0,0.411553683748431,0.5021108651760116,0.0,0.45458285956830724,1.908387185784305
Attack_Block4,197,26.0,135.0,1.8418786124168562,0.03347942994962338,0.0,0.24832447720697942,3.3728342940307616
Attack_Block4,198,11.0,37.0,-2.2793136009898736,-0.6656292783692157,0.0,1.231737742948566,5.480862787707616
Attack_Block4,199,26.0,62.0,0.543944160868222,-0.34162043773565726,0.0,-0.43107127292311737,5.718992055618603
Attack_Block4,200,21.0,104.0,0.9138261902586128,3.184580852325444,0.0,1.7059171691061341,6.021713190029318
Attack_Block4,201,24.0,72.0,-0.7573229580088086,-0.9153275554905712,0.0,0.8325854742133634,5.64507251301898
Attack_Block4,202,21.0,55.0,-0.4410131888885431,-1.358201504775395,0.0,0.7739410680240548,3.1192315307946217
Attack_Block4,203,21.0,85.0,0.6859228062473849,1.3369369075138746,0.0,0.957619713340122,4.463745516228921
Attack_Block4,204,30.0,115.0,0.709990273133258,-0.5321524561826715,0.0,-0.6146731389231752,3.3558915086498424
Attack_Block4,205,15.0,94.0,-0.4644034737379836,0.627312940839046,0.0,-0.5397465227738324,4.5368411326014835
Attack_Block4,206,16.0,55.0,-0.9229873550732355,-1.181657714345905,0.0,1.0443443533461614,1.648128565024672
Attack_Block4,207,10.0,53.0,-0.046516604101834155,6.196125869370929,0.0,-0.5368637946729696,4.873053037428588
Attack_Block4,208,26.0,73.0,0.4651660410183415,-6.359947547835271,0.0,-1.7200091923913785,6.12857740741284
Attack_Block4,209,15.0,63.0,-0.2645061801869001,-0.1268431790811591,0.0,0.18316878768371073,7.998560978066675
Attack_Block4,210,13.0,46.0,-0.48792948557881355,0.8490297786706168,0.0,-0.64363550488444,3.82575726457131
Attack_Block4,211,10.0,46.0,0.0,-0.9192391385706837,0.0,-0.0,4.474451875828085
Attack_Block4,212,15.0,44.0,-0.05995473417569735,0.14426298011807034,0.0,-0.09300133668057045,2.947875531910243
Attack_Block4,213,18.0,54.0,0.2870173444581256,13.345011578416628,0.0,1.9571023951239954,6.8176562554465026
Attack_Block4,214,16.0,52.0,-0.06580397653430196,-13.638230165987789,0.0,0.947338259446999,7.48392245304146
Attack_Block4,215,12.0,35.0,-0.6370190506167843,0.29837072591371927,0.0,-0.4359677012731542,6.900038333975117
Attack_Block4,216,9.0,41.0,0.24526936708239827,-0.11263943585620675,0.0,-0.16621372729401815,2.4974491795767304
Attack_Block4,217,21.0,51.0,0.385423291129483,-0.4727990984443875,0.0,-0.4268814643030173,4.22218993817424
Attack_Block4,218,18.0,35.0,-0.770846582258966,-0.02206012383870941,0.0,0.1304031098757951,5.301502637531799
Attack_Block4,219,10.0,26.0,-0.40469445568595713,-0.23398606441457423,0.0,0.3077220547447898,4.402187528697855
Attack_Block4,220,13.0,40.0,0.6744907594765952,0.08707314254044835,0.0,0.2423427944918537,3.0593936431175357
Attack_Block4,221,10.0,34.0,-0.2790996246110049,0.4065694760311919,0.0,-0.33685811276945465,2.358608455238092
Attack_Block4,222,21.0,112.0,3.757877088512459,10.295004723334399,1.0,6.219916589146987,5.30297893053502
Attack_Block4,223,19.0,51.0,-2.9388525948623077,-8.956948629000447,0.0,5.130609293289282,5.320476194848199
Attack_Block4,224,22.0,348.0,15.409519658811446,32.09828205118618,1.0,22.24003390918791,11.50289473574118
Attack_Block4,225,27.0,117.0,-11.985181956853346,4.570686135180928,2.0,-7.401385343150984,7.41968623321405
Attack_Block4,226,14.0,152.0,1.475448536355052,-27.78946559343326,3.0,-6.403274657229704,8.198065774086146
Attack_Block4,227,18.0,30.0,-4.702164151779693,-6.77033521596845,0.0,5.642271488333264,6.656108302989855
Attack_Block4,228,9.0,85.0,2.1198281012121565,3.5053917817803795,0.0,2.7259545126021822,5.246840883434118
Attack_Block4,229,19.0,36.0,-1.8361137341307314,-3.264976481704015,0.0,2.448441986176225,6.377305797545923
Attack_Block4,230,18.0,128.0,3.3542243173971222,0.6333832446585875,1.0,1.4575697175317979,3.695059427770735
Attack_Block4,231,13.0,28.0,-3.645895997170785,-0.7674482952373592,0.0,1.6727332924412759,5.7106461387171885
Attack_Block4,232,10.0,32.0,0.1541693164517932,0.1434107265231348,0.0,0.14869274925135637,3.2524182314592296
Attack_Block4,233,10.0,20.0,-0.4761111243364201,-0.41318181280629224,0.0,0.44353179981886764,2.8121993918814425
Attack_Block4,234,15.0,34.0,0.5722951898589292,0.5547209117390344,0.0,0.5634395349124953,2.649979822734837
Attack_Block4,235,9.0,39.0,0.23258302050917076,14.429742771708755,0.0,1.8319697483895294,6.117940545742867
Attack_Block4,236,36.0,78.0,2.287403445181497,-14.317167062065455,0.0,-5.722686192952359,8.049270137553584
Attack_Block4,237,10.0,28.0,-2.810378164485813,3.7765398500837244,0.0,-3.257837493182529,7.4788547290293454
Attack_Block4,238,16.0,57.0,1.6300193354017716,-3.855601818011548,0.0,-2.506931493473455,6.275610604348397
Attack_Block4,239,23.0,186.0,7.566026780215721,50.646654041392125,1.0,19.57534011979086,7.1079453780612285
Attack_Block4,240,21.0,52.0,-7.859283632162066,-45.12984769264125,0.0,18.833169496734804,6.766274907911313
Attack_Block4,241,52.0,161.0,6.392999372430338,10.565012368085345,1.0,8.21840114857436,10.70973516976805
Attack_Block4,242,43.0,165.0,0.18606641640733662,-5.123063980505264,2.0,-0.9763350633251475,5.0628129359897756
Attack_Block4,243,28.0,58.0,-3.6085255631997843,-4.066830881169608,0.0,3.830830614359089,4.4117838807665155
Attack_Block4,244,8.0,132.0,2.4956158100634025,6.036271610892022,1.0,3.8812645962339403,5.1021465734835285
Attack_Block4,245,16.0,56.0,-2.3300589872827837,-5.144167071482117,0.0,3.462111020315649,7.504104199490217
Attack_Block4,246,12.0,38.0,-0.5395926075812761,0.48602023545250306,0.0,-0.5121063621798522,7.265940453951485
Attack_Block4,247,16.0,61.0,0.6894794430205196,1.4842289468459369,0.0,1.0116053319285485,2.0138959522667577
Attack_Block4,248,26.0,130.0,1.9391609334952111,3.0012804822005554,1.0,2.412460540930149,1.8718752182415248
Attack_Block4,249,15.0,103.0,-0.6622272911224754,-0.12460785416421465,0.0,0.2872607208021179,6.123372623954619
Attack_Block4,250,14.0,37.0,-1.6187778227438285,-2.0828987419553946,0.0,1.8362326351795444,5.332773309669646
Attack_Block4,251,11.0,102.0,1.5942508860355888,3.0046345102669125,0.0,2.1886391274502364,6.483093882608425
Attack_Block4,252,19.0,34.0,-1.5037826768658515,-2.2486915221201382,0.0,1.8388973208364212,5.042009634612534
Attack_Block4,253,13.0,47.0,0.3188501772071177,-0.11180813775838735,0.0,-0.18881219382619238,5.044855237740944
Attack_Block4,254,16.0,79.0,0.7848619746636745,0.05323768503518195,0.0,0.2044119238284197,3.9041775034820896
Attack_Block4,255,25.0,81.0,0.05090496297936568,0.22301040308980422,0.0,0.10654734306072536,3.504701799218184
Attack_Block4,256,25.0,62.0,-0.5230744665328698,-0.6376566844264552,0.0,0.5775308909811548,3.291961710259557
Attack_Block4,257,13.0,45.0,-0.48792948557881355,0.8053741387651842,0.0,-0.6268698343565243,2.3651446924247415
Attack_Block4,258,10.0,29.0,-0.459227751133001,2.107899542887966,0.0,-0.9838729423531889,2.1175914367651547
Attack_Block4,259,1009.0,2132.0,63.04240298574576,0.22161920349816017,1.0,3.737834551757342,102.65244553180865
Attack_Block4,260,15.0,71.0,-59.15427469281969,0.40761337489660554,0.0,-4.910404621525715,103.07713385295833
Attack_Block4,261,33.0,132.0,1.7508058011945664,-2.0875790362354403,1.0,-1.9117911724592649,69.89516027468814
Attack_Block4,262,16.0,58.0,-2.0796798417195017,0.18350545965386694,0.0,-0.6177641987745959,17.209540719016786
Attack_Block4,263,10.0,58.0,0.0,6.445101316400476,0.0,0.0,11.802557275693518
Attack_Block4,264,6.0,16.0,-1.3176098557217208,-7.536843218636048,0.0,3.151288451713723,14.90142517457259
Attack_Block4,265,16.0,93.0,2.415618068823155,8.074756030260904,0.0,4.416506149439506,13.010251065702459
Attack_Block4,266,10.0,43.0,-1.4051890822429065,-7.707906417114751,0.0,3.2910584838740995,17.819630112035597
Attack_Block4,267,14.0,78.0,1.0730534809854924,-0.14637304521288885,0.0,-0.39631566419728764,4.312088597877825
Attack_Block4,268,20.0,62.0,-0.5019466117035127,0.6023392879916402,0.0,-0.5498564946450212,5.547545264931886
Attack_Block4,269,37.0,345.0,8.87818069450588,19.09101866248554,1.0,13.01896744476038,8.795448940637637
Attack_Block4,270,18.0,36.0,-9.69384393852409,-19.716011081845103,0.0,13.824758027452702,9.113151027685975
Attack_Block4,271,13.0,30.0,-0.16518141048406415,0.24593882949004098,0.0,-0.20155525978739608,6.107303430922297
Attack_Block4,272,14.0,69.0,1.0960474841494672,4.619834653969898,0.0,2.2502351320851406,1.530147711139424
Attack_Block4,273,18.0,71.0,0.06274332646293909,-3.4936249532259076,0.0,-0.46818975958399967,4.438834557965957
Attack_Block4,274,22.0,85.0,0.4392032852405736,-0.3075059027139976,0.0,-0.36750184040744066,4.560017852843154
Attack_Block4,275,20.0,47.0,-1.220507088576696,-0.9539542573604749,0.0,1.079031015905649,6.521946924376064
Attack_Block4,276,15.0,40.0,-0.22483025315886507,0.2344612796062377,0.0,-0.22959527183681694,3.673244345302819
Attack_Block4,277,15.0,26.0,-0.4606278357401138,-0.6671877626009385,0.0,0.5543692407765416,3.7136430326912406
Attack_Block4,278,18.0,113.0,2.6080309366428347,9.770623772127886,0.0,5.047978711128588,5.119350559037917
Attack_Block4,279,13.0,37.0,-2.2782798986764994,-9.373833127402557,0.0,4.621278566339527,4.538949794073
Attack_Block4,280,34.0,76.0,1.1956881645266915,0.4384872229994654,0.0,0.7240814752751494,3.9029744504259734
Attack_Block4,281,27.0,46.0,-0.9870596480145295,-0.6657434082357826,0.0,0.8106345996817584,3.575906642340181
Attack_Block4,282,17.0,37.0,-0.31130342745073625,-0.008075728029487033,0.0,0.05013982264367609,4.6250465294740515
Attack_Block4,283,30.0,274.0,8.197656922869388,13.130168256617159,1.0,10.374806731081671,7.025556722574802
Attack_Block4,284,24.0,190.0,-2.7637670144406825,5.635546964264411,2.0,-3.946560376855434,3.846617138156347
Attack_Block4,285,35.0,436.0,7.374432303610774,23.643613622118657,3.0,13.204477576528484,10.648936604539246
Attack_Block4,286,40.0,161.0,-7.728539952335987,-33.479083067066036,4.0,16.08553483883564,8.579949562680271
Attack_Block4,287,23.0,105.0,-1.3489815189531904,0.2041711533684514,0.0,-0.5248076910615911,7.696398428606191
Attack_Block4,288,20.0,74.0,-0.6336125316295289,3.097108213098405,0.0,-1.4008449506037015,3.4041430275531113
Attack_Block4,289,16.0,200.0,2.6149487905861846,3.224653826685657,1.0,2.9038430784308527,2.3957068651782074
Attack_Block4,290,28.0,49.0,-3.133787836337411,-6.948355378237614,0.0,4.6663338464870545,7.162736710844152
Attack_Block4,291,12.0,22.0,-0.5781349366942244,-0.03797051933238835,0.0,0.1481623561856289,4.8202900528203125
Attack_Block4,292,9.0,28.0,0.1445337341735561,0.2948575330125823,0.0,0.2064385145642913,4.118981075818522
Attack_Block4,293,15.0,116.0,2.0826381345242235,11.786370354741281,0.0,4.954467112456191,3.1295350761047422
Attack_Block4,294,22.0,103.0,-0.26174268278196233,6.136735072213556,0.0,-1.2673774107673434,2.7076124354065096
Attack_Block4,295,45.0,296.0,3.8287269582053782,0.6751249915971799,1.0,1.6077528589575893,6.1586364724550595
Attack_Block4,296,37.0,225.0,-1.3489815189531904,-8.449663131837367,2.0,3.3761574913248262,2.0608186457278475
Attack_Block4,297,48.0,165.0,-1.0649854096998872,-5.2014076790483506,0.0,2.353597945293003,4.091626023493727
Attack_Block4,298,20.0,58.0,-1.8745587341297583,-0.763574062773411,0.0,1.1963964345177738,3.109055367469818
Attack_Block4,299,28.0,126.0,1.19130835440022,0.3822968063113462,0.0,0.6748580437538175,4.363748859066126
Attack_Block4,300,28.0,64.0,-1.0861929113649067,-0.498836245779621,0.0,0.736092653201828,5.642818967563527
Attack_Block4,301,31.0,69.0,0.08874878414165727,0.2350871619735457,0.0,0.14444272149355614,2.2852607701289793
Attack_Block4,302,31.0,71.0,0.0354995136566629,-0.463907313059357,0.0,-0.12832959126942015,9.198670845028719
Attack_Block4,303,1021.0,2231.0,38.33947474919594,99.79203887040894,1.0,61.85446107147667,102.99289089231516
Attack_Block4,304,24.0,86.0,-34.44720664469754,-98.57867523434442,0.0,58.27314987674847,103.92787275561012
Attack_Block4,305,29.0,164.0,1.2378889232746924,4.468880286352335,0.0,2.3520156049474226,69.4577061748306
Attack_Block4,306,36.0,122.0,-0.5058680696074463,-4.042747002883645,0.0,1.4300687473894529,14.62783168862365
Attack_Block4,307,27.0,46.0,-0.8915008299168911,-0.6855600528331376,0.0,0.7817783292331719,15.585198166113711
Attack_Block4,308,8.0,21.0,-0.2932568519463457,1.0567630800482168,0.0,-0.5566893335677128,16.292413449954147
Attack_Block4,309,13.0,35.0,0.17816737042777986,-1.1472134705650718,0.0,-0.4521017666078137,15.248921277736224
Attack_Block4,310,13.0,50.0,0.1908936111726213,0.9901292057541545,0.0,0.4347520438294568,17.828503683135818
Attack_Block4,311,32.0,71.0,0.2672510556416698,-0.5897782798953628,0.0,-0.39701242788679036,4.059703078240648
Attack_Block4,312,33.0,133.0,0.789026926180168,0.24105060729733613,0.0,0.4361139985481777,3.2972218222355494
Attack_Block4,313,41.0,112.0,-0.2529340348037232,1.2799719497291482,0.0,-0.5689889890679624,2.9121364366777587
Attack_Block4,314,12.0,27.0,-1.0519580652387264,-1.469460419004253,0.0,1.2433063738759655,3.8684878065405757
Attack_Block4,315,20.0,38.0,0.1648755189831677,0.029763777702062597,0.0,0.0700522540360209,4.88846380779067
Attack_Block4,316,1016.0,2245.0,35.44288348011537,23.322709840108097,1.0,28.751071063588075,102.28587437321424
Attack_Block4,317,19.0,86.0,-34.67203689785641,-17.395722996831555,0.0,24.559013612338607,103.75541105526416
Attack_Block4,318,15.0,64.0,-0.3533046835353594,-1.317247044542524,0.0,0.6821946571250641,67.32946602181946
Attack_Block4,319,24.0,62.0,-0.032118607594123584,-0.13607654129865399,0.0,0.06611043058955991,13.548396549987707
Attack_Block4,320,26.0,70.0,0.14015392404708474,0.5023304315059242,0.0,0.26533673161441595,12.800811328026745
Attack_Block4,321,15.0,34.0,-0.6306926582118813,-1.1427474883219433,0.0,0.8489537390663388,14.722149928339311
Attack_Block4,322,15.0,36.0,0.036958397779539465,-0.001614359575484685,0.0,-0.007724256815381753,14.762485523434405
Attack_Block4,323,13.0,57.0,0.3989945337748873,0.6030940221187148,0.0,0.4905417598713469,16.941216719601982
Attack_Block4,324,13.0,46.0,-0.2214745777385835,-0.14016392795317761,0.0,0.17618951943180744,2.3806908550311188
Attack_Block4,325,26.0,160.0,2.3659060486255954,15.941202465427375,0.0,6.141285479060543,3.748375243410956
Attack_Block4,326,23.0,59.0,-2.0961097448349575,-15.51972994199013,0.0,5.703600368943495,5.067603985775737
Attack_Block4,327,9.0,33.0,-0.7157861120976113,0.5166639443315718,0.0,-0.6081289961629132,4.067442352011914
Attack_Block4,328,21.0,43.0,0.28103781644858133,-1.1483148614130738,0.0,-0.5680844138391632,3.614978534541853
Attack_Block4,329,1009.0,2142.0,58.98983767255722,6.234947937934291,1.0,19.178075157731268,101.29925870963629
Attack_Block4,330,1020.0,2255.0,3.175727325868969,3.869462677133519,2.0,3.505475482755943,4.168820069416355
Attack_Block4,331,21.0,83.0,-49.660811172310666,-8.840705446104684,0.0,20.95320032331632,36.02536316797863
Attack_Block4,332,20.0,205.0,2.742929088538154,9.665874482474914,1.0,5.149058970738159,55.76760008853533
Attack_Block4,333,30.0,76.0,-2.7622002530946284,-9.437342019889742,0.0,5.10566631458422,25.85263795164051
Attack_Block4,334,29.0,181.0,2.3607176581680833,18.692427885102724,1.0,6.642856658275526,25.28467133702997
Attack_Block4,335,12.0,38.0,-3.061973923973115,-17.1815693741805,0.0,7.253241854279765,29.304680503521922
Attack_Block4,336,15.0,37.0,-0.025941952287561354,-0.25633886899682906,0.0,0.08154710729978826,27.852469200014195
Attack_Block4,337,18.0,53.0,0.44966050631773014,0.47278668573577526,0.0,0.46107862722992293,16.34021244473589
Attack_Block4,338,15.0,36.0,-0.47776428796258824,-0.02597548228313231,0.0,0.11140088777691826,2.5622030197819052
Attack_Block4,339,14.0,30.0,-0.1686226898691488,0.5220523605607307,0.0,-0.2966982866318731,2.5310820298957286
Attack_Block4,340,14.0,31.0,0.028103781644858133,-1.38990200739438,0.0,-0.19763983030644822,2.943918444033415
Attack_Block4,341,26.0,59.0,0.770846582258966,0.8248516333646452,0.0,0.7973920381154194,2.22914645963248
Attack_Block4,342,47.0,384.0,9.328063694889083,32.18162597646496,1.0,17.326057165828647,8.495476055961436
